# B2-Z1 kinematically transferred gait; foot x/y centered on the B2 keyframe, stance grounded, base height=0.543542m, and swing height=0.1m; source B2-FK height=0.153365m; max IK residual=9.83199e-08m; rows: 12 leg q, 4 arm q, 12 leg dq, 4 arm dq
4.0341323502568271e-12	3.6469857539286959e-12	3.4461609957846089e-12	3.3344014827216454e-12	3.2660440877803512e-12	3.2191606802973202e-12	3.1831959164412055e-12	3.1526175930139385e-12	3.1248553359889799e-12	3.0986994480053361e-12	3.0732535783555911e-12	3.0483128257173429e-12	3.023724980000535e-12	2.9994058170397159e-12	2.975231323552749e-12	2.9512159482983725e-12	2.9273949589021373e-12	2.9036690073781693e-12	2.8800058789307025e-12	2.8565387226581046e-12	2.8331888350823943e-12	2.8098717339080346e-12	2.7867067180574946e-12	2.7636359644345463e-12	2.7405894212516846e-12	2.7176640756649638e-12	2.69482648386328e-12	2.6720549138719959e-12	2.649336154826875e-12	2.6266968580325113e-12	2.6040589573869829e-12	2.5815321796782967e-12	2.5590138908162449e-12	2.6116058218765951e-12	9.6891233569206136e-12	1.9873028032265028e-11	2.4385965164356984e-14	1.4549906778979094e-12	6.2301547709735986e-12	1.362147504401806e-11	2.3039467317434529e-11	2.2638998839022571e-11	1.2796720158268878e-11	5.467371187587912e-12	1.076883743168894e-12	1.8559490555906874e-14	2.0385087160737511e-11	1.0544290364826902e-11	6.5452233459483173e-12	4.8256659885183616e-12	4.0341323502568271e-12	3.6469857539286959e-12	3.4461609957846089e-12	3.3344014827216454e-12	3.2660440877803512e-12	3.2191606802973202e-12	3.1831959164412055e-12	3.1526175930139385e-12	3.1248553359889799e-12	3.0986994480053361e-12	3.0732535783555911e-12	3.0483128257173429e-12	3.023724980000535e-12	2.9994058170397159e-12	2.975231323552749e-12	2.9512159482983725e-12	2.9273949589021373e-12	2.9036690073781693e-12	2.8800058789307025e-12	2.8565387226581046e-12	2.8331888350823943e-12	2.8098717339080346e-12	2.7867067180574946e-12	2.7636359644345463e-12	2.7405894212516846e-12	2.7176640756649638e-12	2.69482648386328e-12	2.6720549138719959e-12	2.649336154826875e-12	2.6266968580325113e-12	2.6040589573869829e-12	2.5815321796782967e-12	2.5590138908162449e-12	2.6116058218765951e-12	9.6891233569206136e-12	1.9873028032265028e-11	2.4385965164356984e-14	1.4549906778979094e-12	6.2301547709735986e-12	1.362147504401806e-11	2.3039467317434529e-11	2.2638998839022571e-11	1.2796720158268878e-11	5.467371187587912e-12	1.076883743168894e-12	1.8559490555906874e-14	2.0385087160737511e-11	1.0544290364826902e-11	6.5452233459483173e-12	4.8256659885183616e-12
0.65341890519868906	0.65523844744252446	0.65788995183557597	0.66095535702828712	0.66422400963393613	0.66758998692867444	0.67100007146725116	0.67442752501378855	0.67785890139435256	0.6812874239795631	0.68470966196418692	0.68812386277153992	0.69152911550972118	0.69492493135718036	0.698311033092747	0.70168724953274109	0.70505346258796686	0.70840958071365145	0.71175552559733057	0.71509122548646775	0.71841661184632155	0.72173161768811489	0.72503617673493759	0.72833022300780315	0.73161369062239223	0.73488651369144908	0.73814862628012434	0.74139996238784511	0.74464045594345551	0.74787004080696606	0.75108865077459397	0.75429621958540061	0.75749268092869704	0.75001700430296581	0.77166546250976742	0.79194674657033426	0.81090978033807148	0.82858531991882878	0.84498567865015406	0.86010734175203674	0.87393130008713427	0.86417860533323076	0.83179607498785302	0.79927480791566863	0.76652180376343548	0.73344042258741915	0.69992801018563455	0.66587182805399181	0.65637129692500518	0.65325734794182555	0.65341890519868906	0.65523844744252446	0.65788995183557597	0.66095535702828712	0.66422400963393613	0.66758998692867444	0.67100007146725116	0.67442752501378855	0.67785890139435256	0.6812874239795631	0.68470966196418692	0.68812386277153992	0.69152911550972118	0.69492493135718036	0.698311033092747	0.70168724953274109	0.70505346258796686	0.70840958071365145	0.71175552559733057	0.71509122548646775	0.71841661184632155	0.72173161768811489	0.72503617673493759	0.72833022300780315	0.73161369062239223	0.73488651369144908	0.73814862628012434	0.74139996238784511	0.74464045594345551	0.74787004080696606	0.75108865077459397	0.75429621958540061	0.75749268092869704	0.75001700430296581	0.77166546250976742	0.79194674657033426	0.81090978033807148	0.82858531991882878	0.84498567865015406	0.86010734175203674	0.87393130008713427	0.86417860533323076	0.83179607498785302	0.79927480791566863	0.76652180376343548	0.73344042258741915	0.69992801018563455	0.66587182805399181	0.65637129692500518	0.65325734794182555
-1.5001487058132603	-1.4970739704237648	-1.4958386900370366	-1.4955141449211573	-1.4956344113371844	-1.4959661418462629	-1.4963925701822247	-1.4968552924886656	-1.4973251032846564	-1.4977874001608846	-1.4982348829932961	-1.4986639028568889	-1.4990726363531961	-1.499460172763154	-1.4998260576315838	-1.5001700645670759	-1.5004920811469804	-1.5007920518730959	-1.5010699496516182	-1.5013257615346354	-1.5015594815920619	-1.5017711073485789	-1.5019606380029467	-1.5021280735383906	-1.5022734142784251	-1.5023966606653127	-1.5024978131497537	-1.5025768721361048	-1.5026338379552866	-1.5026687108514465	-1.5026814909754216	-1.5026721783815131	-1.5026407730258446	-1.5026796856724309	-1.5614731502914154	-1.6184464271750441	-1.6737789768649396	-1.727622039199022	-1.7801018736500678	-1.8313252981561712	-1.8813825424072641	-1.8804151754384122	-1.8284662269109679	-1.7753954017955662	-1.7210967928999994	-1.6654474470594569	-1.6083038779701295	-1.5494959874701932	-1.5209922670902396	-1.506907848872183	-1.5001487058132603	-1.4970739704237648	-1.4958386900370366	-1.4955141449211573	-1.4956344113371844	-1.4959661418462629	-1.4963925701822247	-1.4968552924886656	-1.4973251032846564	-1.4977874001608846	-1.4982348829932961	-1.4986639028568889	-1.4990726363531961	-1.499460172763154	-1.4998260576315838	-1.5001700645670759	-1.5004920811469804	-1.5007920518730959	-1.5010699496516182	-1.5013257615346354	-1.5015594815920619	-1.5017711073485789	-1.5019606380029467	-1.5021280735383906	-1.5022734142784251	-1.5023966606653127	-1.5024978131497537	-1.5025768721361048	-1.5026338379552866	-1.5026687108514465	-1.5026814909754216	-1.5026721783815131	-1.5026407730258446	-1.5026796856724309	-1.5614731502914154	-1.6184464271750441	-1.6737789768649396	-1.727622039199022	-1.7801018736500678	-1.8313252981561712	-1.8813825424072641	-1.8804151754384122	-1.8284662269109679	-1.7753954017955662	-1.7210967928999994	-1.6654474470594569	-1.6083038779701295	-1.5494959874701932	-1.5209922670902396	-1.506907848872183
-2.7205296261684921e-12	-2.6976392957606915e-12	-2.6747919034464925e-12	-2.6520681917452385e-12	-2.6293885362055669e-12	-2.6067205767356793e-12	-2.5841592678112869e-12	-2.5616117784275386e-12	-2.6142426398258686e-12	-9.7020566906126545e-12	-1.9900732755777697e-11	-2.3197527064352334e-14	-1.4558128104897104e-12	-6.2379332722922301e-12	-1.3639924718784796e-11	-2.3071605716237927e-11	-2.267058527235615e-11	-1.2813965994048649e-11	-5.4740074609246064e-12	-1.0772328544054168e-12	-1.7329811102515292e-14	-2.0413560753199928e-11	-1.0558431345196318e-11	-6.5537726943606083e-12	-4.831531623796658e-12	-4.038863567902752e-12	-3.6510140816131666e-12	-3.4500128955893334e-12	-3.33799769479745e-12	-3.2695480909046706e-12	-3.2227335405992466e-12	-3.1866305684719634e-12	-3.1562093526617795e-12	-3.128306135159565e-12	-3.102038629705841e-12	-3.0766074740385103e-12	-3.051661307011911e-12	-3.0270365910589176e-12	-3.0026173098948876e-12	-2.9784494557777602e-12	-2.9543949381221443e-12	-2.9303527783288825e-12	-2.9067225833768825e-12	-2.8831132211909145e-12	-2.8595613146079894e-12	-2.8361543138827336e-12	-2.8129979945248397e-12	-2.7896362433672063e-12	-2.7664988418010445e-12	-2.7434834645672333e-12	-2.7205296261684921e-12	-2.6976392957606915e-12	-2.6747919034464925e-12	-2.6520681917452385e-12	-2.6293885362055669e-12	-2.6067205767356793e-12	-2.5841592678112869e-12	-2.5616117784275386e-12	-2.6142426398258686e-12	-9.7020566906126545e-12	-1.9900732755777697e-11	-2.3197527064352334e-14	-1.4558128104897104e-12	-6.2379332722922301e-12	-1.3639924718784796e-11	-2.3071605716237927e-11	-2.267058527235615e-11	-1.2813965994048649e-11	-5.4740074609246064e-12	-1.0772328544054168e-12	-1.7329811102515292e-14	-2.0413560753199928e-11	-1.0558431345196318e-11	-6.5537726943606083e-12	-4.831531623796658e-12	-4.038863567902752e-12	-3.6510140816131666e-12	-3.4500128955893334e-12	-3.33799769479745e-12	-3.2695480909046706e-12	-3.2227335405992466e-12	-3.1866305684719634e-12	-3.1562093526617795e-12	-3.128306135159565e-12	-3.102038629705841e-12	-3.0766074740385103e-12	-3.051661307011911e-12	-3.0270365910589176e-12	-3.0026173098948876e-12	-2.9784494557777602e-12	-2.9543949381221443e-12	-2.9303527783288825e-12	-2.9067225833768825e-12	-2.8831132211909145e-12	-2.8595613146079894e-12	-2.8361543138827336e-12	-2.8129979945248397e-12	-2.7896362433672063e-12	-2.7664988418010445e-12	-2.7434834645672333e-12
0.73488651369145075	0.73814862628012634	0.74139996238784711	0.74464045594345718	0.74787004080696784	0.75108865077459597	0.75429621958540238	0.75749268092869892	0.75001700430296758	0.77166546250977419	0.79194674657034758	0.8109097803380716	0.82858531991882989	0.8449856786501575	0.86010734175204484	0.87393130008714814	0.86417860533324398	0.8317960749878599	0.79927480791567196	0.76652180376343582	0.73344042258741904	0.69992801018564743	0.66587182805399847	0.65637129692500984	0.65325734794182899	0.65341890519869184	0.65523844744252691	0.65788995183557797	0.66095535702828889	0.66422400963393768	0.66758998692867644	0.67100007146725338	0.67442752501379066	0.67785890139435456	0.6812874239795651	0.68470966196418914	0.68812386277154181	0.69152911550972318	0.69492493135718258	0.69831103309274933	0.70168724953274308	0.70505346258796886	0.70840958071365367	0.71175552559733257	0.71509122548646964	0.71841661184632344	0.72173161768811644	0.72503617673493947	0.7283302230078047	0.73161369062239423	0.73488651369145075	0.73814862628012634	0.74139996238784711	0.74464045594345718	0.74787004080696784	0.75108865077459597	0.75429621958540238	0.75749268092869892	0.75001700430296758	0.77166546250977419	0.79194674657034758	0.8109097803380716	0.82858531991882989	0.8449856786501575	0.86010734175204484	0.87393130008714814	0.86417860533324398	0.8317960749878599	0.79927480791567196	0.76652180376343582	0.73344042258741904	0.69992801018564743	0.66587182805399847	0.65637129692500984	0.65325734794182899	0.65341890519869184	0.65523844744252691	0.65788995183557797	0.66095535702828889	0.66422400963393768	0.66758998692867644	0.67100007146725338	0.67442752501379066	0.67785890139435456	0.6812874239795651	0.68470966196418914	0.68812386277154181	0.69152911550972318	0.69492493135718258	0.69831103309274933	0.70168724953274308	0.70505346258796886	0.70840958071365367	0.71175552559733257	0.71509122548646964	0.71841661184632344	0.72173161768811644	0.72503617673493947	0.7283302230078047	0.73161369062239423
-1.5023966606653163	-1.5024978131497575	-1.5025768721361081	-1.5026338379552897	-1.50266871085145	-1.5026814909754249	-1.5026721783815162	-1.5026407730258484	-1.5026796856724343	-1.5614731502914292	-1.6184464271750707	-1.6737789768649396	-1.7276220391990238	-1.7801018736500751	-1.8313252981561881	-1.8813825424072927	-1.8804151754384402	-1.8284662269109835	-1.7753954017955729	-1.7210967929000003	-1.6654474470594565	-1.6083038779701579	-1.5494959874702072	-1.5209922670902489	-1.5069078488721896	-1.5001487058132659	-1.4970739704237703	-1.4958386900370406	-1.4955141449211613	-1.495634411337188	-1.4959661418462669	-1.4963925701822289	-1.4968552924886696	-1.49732510328466	-1.4977874001608891	-1.4982348829933005	-1.4986639028568927	-1.4990726363532001	-1.4994601727631582	-1.4998260576315883	-1.5001700645670801	-1.5004920811469842	-1.5007920518730997	-1.501069949651622	-1.5013257615346394	-1.5015594815920656	-1.5017711073485822	-1.5019606380029502	-1.5021280735383937	-1.5022734142784284	-1.5023966606653163	-1.5024978131497575	-1.5025768721361081	-1.5026338379552897	-1.50266871085145	-1.5026814909754249	-1.5026721783815162	-1.5026407730258484	-1.5026796856724343	-1.5614731502914292	-1.6184464271750707	-1.6737789768649396	-1.7276220391990238	-1.7801018736500751	-1.8313252981561881	-1.8813825424072927	-1.8804151754384402	-1.8284662269109835	-1.7753954017955729	-1.7210967929000003	-1.6654474470594565	-1.6083038779701579	-1.5494959874702072	-1.5209922670902489	-1.5069078488721896	-1.5001487058132659	-1.4970739704237703	-1.4958386900370406	-1.4955141449211613	-1.495634411337188	-1.4959661418462669	-1.4963925701822289	-1.4968552924886696	-1.49732510328466	-1.4977874001608891	-1.4982348829933005	-1.4986639028568927	-1.4990726363532001	-1.4994601727631582	-1.4998260576315883	-1.5001700645670801	-1.5004920811469842	-1.5007920518730997	-1.501069949651622	-1.5013257615346394	-1.5015594815920656	-1.5017711073485822	-1.5019606380029502	-1.5021280735383937	-1.5022734142784284
2.7176613120457485e-12	2.694827254839865e-12	2.672059562730436e-12	2.6493134212110658e-12	2.6266795357857405e-12	2.604064456882603e-12	2.5815198212954393e-12	2.5590103352739566e-12	2.6116074501298287e-12	9.6891514665349081e-12	1.9873025455386489e-11	2.4374438035013759e-14	1.4550005520851786e-12	6.2301381179313496e-12	1.3621425252471694e-11	2.303946067484582e-11	2.2639022662919813e-11	1.2796708200274214e-11	5.4673335340225431e-12	1.0768843206161316e-12	1.8517636704957914e-14	2.0385046400703727e-11	1.0544294781663042e-11	6.5452641262077013e-12	4.8256743537737693e-12	4.0341318182997669e-12	3.6469873823795223e-12	3.4461245188470587e-12	3.3344015687939241e-12	3.2660639997132089e-12	3.2191668103840507e-12	3.1831510937307291e-12	3.1526055708488774e-12	3.1248580643143631e-12	3.0986553914351266e-12	3.0732585913077108e-12	3.0483084382090988e-12	3.0237348260509972e-12	2.9993679384763607e-12	2.9752281883087882e-12	2.9512050300840074e-12	2.9273942677115684e-12	2.9036649147717043e-12	2.8799870748075453e-12	2.8565440860877872e-12	2.8331921226851657e-12	2.8099184157067309e-12	2.7866946430795364e-12	2.7635756023932481e-12	2.7406510117742724e-12	2.7176613120457485e-12	2.694827254839865e-12	2.672059562730436e-12	2.6493134212110658e-12	2.6266795357857405e-12	2.604064456882603e-12	2.5815198212954393e-12	2.5590103352739566e-12	2.6116074501298287e-12	9.6891514665349081e-12	1.9873025455386489e-11	2.4374438035013759e-14	1.4550005520851786e-12	6.2301381179313496e-12	1.3621425252471694e-11	2.303946067484582e-11	2.2639022662919813e-11	1.2796708200274214e-11	5.4673335340225431e-12	1.0768843206161316e-12	1.8517636704957914e-14	2.0385046400703727e-11	1.0544294781663042e-11	6.5452641262077013e-12	4.8256743537737693e-12	4.0341318182997669e-12	3.6469873823795223e-12	3.4461245188470587e-12	3.3344015687939241e-12	3.2660639997132089e-12	3.2191668103840507e-12	3.1831510937307291e-12	3.1526055708488774e-12	3.1248580643143631e-12	3.0986553914351266e-12	3.0732585913077108e-12	3.0483084382090988e-12	3.0237348260509972e-12	2.9993679384763607e-12	2.9752281883087882e-12	2.9512050300840074e-12	2.9273942677115684e-12	2.9036649147717043e-12	2.8799870748075453e-12	2.8565440860877872e-12	2.8331921226851657e-12	2.8099184157067309e-12	2.7866946430795364e-12	2.7635756023932481e-12	2.7406510117742724e-12
0.73488651369144919	0.73814862628012479	0.74139996238784556	0.7446404559434554	0.74787004080696617	0.75108865077459408	0.75429621958540072	0.75749268092869737	0.75001700430296625	0.77166546250976775	0.79194674657033404	0.81090978033807148	0.82858531991882922	0.84498567865015384	0.86010734175203685	0.87393130008713482	0.86417860533323076	0.8317960749878528	0.79927480791566907	0.76652180376343571	0.73344042258741926	0.699928010185634	0.66587182805399181	0.65637129692500529	0.65325734794182611	0.65341890519868928	0.65523844744252446	0.65788995183557608	0.66095535702828712	0.6642240096339358	0.66758998692867499	0.67100007146725138	0.67442752501378889	0.67785890139435234	0.6812874239795631	0.68470966196418692	0.68812386277154003	0.69152911550972129	0.69492493135718025	0.69831103309274734	0.70168724953274109	0.70505346258796686	0.70840958071365145	0.71175552559733046	0.71509122548646786	0.71841661184632177	0.72173161768811511	0.72503617673493781	0.72833022300780315	0.73161369062239279	0.73488651369144919	0.73814862628012479	0.74139996238784556	0.7446404559434554	0.74787004080696617	0.75108865077459408	0.75429621958540072	0.75749268092869737	0.75001700430296625	0.77166546250976775	0.79194674657033404	0.81090978033807148	0.82858531991882922	0.84498567865015384	0.86010734175203685	0.87393130008713482	0.86417860533323076	0.8317960749878528	0.79927480791566907	0.76652180376343571	0.73344042258741926	0.699928010185634	0.66587182805399181	0.65637129692500529	0.65325734794182611	0.65341890519868928	0.65523844744252446	0.65788995183557608	0.66095535702828712	0.6642240096339358	0.66758998692867499	0.67100007146725138	0.67442752501378889	0.67785890139435234	0.6812874239795631	0.68470966196418692	0.68812386277154003	0.69152911550972129	0.69492493135718025	0.69831103309274734	0.70168724953274109	0.70505346258796686	0.70840958071365145	0.71175552559733046	0.71509122548646786	0.71841661184632177	0.72173161768811511	0.72503617673493781	0.72833022300780315	0.73161369062239279
-1.5023966606653127	-1.5024978131497537	-1.5025768721361048	-1.5026338379552862	-1.5026687108514465	-1.5026814909754216	-1.5026721783815129	-1.5026407730258446	-1.5026796856724314	-1.5614731502914161	-1.6184464271750436	-1.6737789768649396	-1.7276220391990225	-1.780101873650068	-1.8313252981561714	-1.8813825424072641	-1.880415175438412	-1.8284662269109682	-1.7753954017955662	-1.7210967928999996	-1.6654474470594569	-1.6083038779701291	-1.5494959874701932	-1.5209922670902396	-1.5069078488721834	-1.5001487058132608	-1.497073970423765	-1.4958386900370368	-1.4955141449211573	-1.4956344113371838	-1.4959661418462635	-1.4963925701822249	-1.4968552924886656	-1.497325103284656	-1.4977874001608844	-1.4982348829932959	-1.4986639028568884	-1.4990726363531959	-1.4994601727631538	-1.4998260576315841	-1.5001700645670759	-1.5004920811469804	-1.5007920518730957	-1.5010699496516182	-1.5013257615346354	-1.5015594815920619	-1.5017711073485791	-1.5019606380029462	-1.5021280735383908	-1.5022734142784251	-1.5023966606653127	-1.5024978131497537	-1.5025768721361048	-1.5026338379552862	-1.5026687108514465	-1.5026814909754216	-1.5026721783815129	-1.5026407730258446	-1.5026796856724314	-1.5614731502914161	-1.6184464271750436	-1.6737789768649396	-1.7276220391990225	-1.780101873650068	-1.8313252981561714	-1.8813825424072641	-1.880415175438412	-1.8284662269109682	-1.7753954017955662	-1.7210967928999996	-1.6654474470594569	-1.6083038779701291	-1.5494959874701932	-1.5209922670902396	-1.5069078488721834	-1.5001487058132608	-1.497073970423765	-1.4958386900370368	-1.4955141449211573	-1.4956344113371838	-1.4959661418462635	-1.4963925701822249	-1.4968552924886656	-1.497325103284656	-1.4977874001608844	-1.4982348829932959	-1.4986639028568884	-1.4990726363531959	-1.4994601727631538	-1.4998260576315841	-1.5001700645670759	-1.5004920811469804	-1.5007920518730957	-1.5010699496516182	-1.5013257615346354	-1.5015594815920619	-1.5017711073485791	-1.5019606380029462	-1.5021280735383908	-1.5022734142784251
-4.0388615433085128e-12	-3.6510096577792859e-12	-3.4500180236745513e-12	-3.3379808035399024e-12	-3.2695482537169762e-12	-3.2227284617132841e-12	-3.1866306347400906e-12	-3.1562119672118815e-12	-3.1283126784814311e-12	-3.1020520459571625e-12	-3.0766239816772969e-12	-3.0516594793191244e-12	-3.0270379625491886e-12	-3.0026266317061949e-12	-2.9784255480680968e-12	-2.9544086195780134e-12	-2.9303436582696149e-12	-2.9066964442848578e-12	-2.8830717375151287e-12	-2.8596091324468196e-12	-2.8361622395479974e-12	-2.812986444857959e-12	-2.7895906026326965e-12	-2.766488401715168e-12	-2.7435199174244186e-12	-2.7205315933599123e-12	-2.6976223525822577e-12	-2.6747617173369249e-12	-2.6520730345592309e-12	-2.6293827731378402e-12	-2.6067313604976261e-12	-2.5841597610714938e-12	-2.561593535272837e-12	-2.6142429615867192e-12	-9.7020992541760387e-12	-1.9900741610273214e-11	-2.3210306199006652e-14	-1.4558259422688113e-12	-6.2379201489938501e-12	-1.3639880118737279e-11	-2.307160515824877e-11	-2.2670581360558649e-11	-1.2813969345866796e-11	-5.4739833636963875e-12	-1.0772376497161844e-12	-1.7333993170941634e-14	-2.0413497731368469e-11	-1.0558412917198389e-11	-6.5537723842803752e-12	-4.8315408535608578e-12	-4.0388615433085128e-12	-3.6510096577792859e-12	-3.4500180236745513e-12	-3.3379808035399024e-12	-3.2695482537169762e-12	-3.2227284617132841e-12	-3.1866306347400906e-12	-3.1562119672118815e-12	-3.1283126784814311e-12	-3.1020520459571625e-12	-3.0766239816772969e-12	-3.0516594793191244e-12	-3.0270379625491886e-12	-3.0026266317061949e-12	-2.9784255480680968e-12	-2.9544086195780134e-12	-2.9303436582696149e-12	-2.9066964442848578e-12	-2.8830717375151287e-12	-2.8596091324468196e-12	-2.8361622395479974e-12	-2.812986444857959e-12	-2.7895906026326965e-12	-2.766488401715168e-12	-2.7435199174244186e-12	-2.7205315933599123e-12	-2.6976223525822577e-12	-2.6747617173369249e-12	-2.6520730345592309e-12	-2.6293827731378402e-12	-2.6067313604976261e-12	-2.5841597610714938e-12	-2.561593535272837e-12	-2.6142429615867192e-12	-9.7020992541760387e-12	-1.9900741610273214e-11	-2.3210306199006652e-14	-1.4558259422688113e-12	-6.2379201489938501e-12	-1.3639880118737279e-11	-2.307160515824877e-11	-2.2670581360558649e-11	-1.2813969345866796e-11	-5.4739833636963875e-12	-1.0772376497161844e-12	-1.7333993170941634e-14	-2.0413497731368469e-11	-1.0558412917198389e-11	-6.5537723842803752e-12	-4.8315408535608578e-12
0.6534189051986915	0.65523844744252679	0.65788995183557808	0.66095535702828889	0.66422400963393813	0.66758998692867688	0.67100007146725382	0.674427525013791	0.67785890139435478	0.68128742397956521	0.68470966196418914	0.68812386277154214	0.69152911550972351	0.6949249313571827	0.69831103309274956	0.7016872495327432	0.70505346258796864	0.70840958071365379	0.71175552559733268	0.71509122548646942	0.71841661184632333	0.72173161768811667	0.72503617673493981	0.72833022300780492	0.73161369062239434	0.73488651369145097	0.73814862628012634	0.741399962387847	0.7446404559434574	0.74787004080696806	0.75108865077459619	0.75429621958540272	0.75749268092869926	0.75001700430296792	0.77166546250977441	0.79194674657034747	0.81090978033807104	0.82858531991883011	0.84498567865015772	0.8601073417520454	0.87393130008714848	0.86417860533324431	0.83179607498786012	0.7992748079156724	0.76652180376343648	0.73344042258741904	0.69992801018564754	0.66587182805399847	0.65637129692500984	0.65325734794182932	0.6534189051986915	0.65523844744252679	0.65788995183557808	0.66095535702828889	0.66422400963393813	0.66758998692867688	0.67100007146725382	0.674427525013791	0.67785890139435478	0.68128742397956521	0.68470966196418914	0.68812386277154214	0.69152911550972351	0.6949249313571827	0.69831103309274956	0.7016872495327432	0.70505346258796864	0.70840958071365379	0.71175552559733268	0.71509122548646942	0.71841661184632333	0.72173161768811667	0.72503617673493981	0.72833022300780492	0.73161369062239434	0.73488651369145097	0.73814862628012634	0.741399962387847	0.7446404559434574	0.74787004080696806	0.75108865077459619	0.75429621958540272	0.75749268092869926	0.75001700430296792	0.77166546250977441	0.79194674657034747	0.81090978033807104	0.82858531991883011	0.84498567865015772	0.8601073417520454	0.87393130008714848	0.86417860533324431	0.83179607498786012	0.7992748079156724	0.76652180376343648	0.73344042258741904	0.69992801018564754	0.66587182805399847	0.65637129692500984	0.65325734794182932
-1.5001487058132652	-1.4970739704237697	-1.4958386900370411	-1.4955141449211613	-1.4956344113371884	-1.4959661418462671	-1.4963925701822296	-1.4968552924886698	-1.4973251032846604	-1.4977874001608888	-1.4982348829933003	-1.4986639028568929	-1.4990726363531999	-1.4994601727631582	-1.4998260576315883	-1.5001700645670801	-1.5004920811469842	-1.5007920518730999	-1.5010699496516218	-1.5013257615346389	-1.5015594815920656	-1.5017711073485822	-1.5019606380029504	-1.5021280735383937	-1.5022734142784286	-1.502396660665317	-1.5024978131497571	-1.5025768721361077	-1.5026338379552897	-1.5026687108514503	-1.5026814909754251	-1.5026721783815165	-1.5026407730258482	-1.5026796856724343	-1.5614731502914292	-1.6184464271750707	-1.6737789768649391	-1.7276220391990238	-1.7801018736500751	-1.8313252981561883	-1.8813825424072927	-1.8804151754384404	-1.8284662269109837	-1.7753954017955733	-1.7210967929000007	-1.6654474470594565	-1.6083038779701582	-1.5494959874702074	-1.5209922670902489	-1.5069078488721903	-1.5001487058132652	-1.4970739704237697	-1.4958386900370411	-1.4955141449211613	-1.4956344113371884	-1.4959661418462671	-1.4963925701822296	-1.4968552924886698	-1.4973251032846604	-1.4977874001608888	-1.4982348829933003	-1.4986639028568929	-1.4990726363531999	-1.4994601727631582	-1.4998260576315883	-1.5001700645670801	-1.5004920811469842	-1.5007920518730999	-1.5010699496516218	-1.5013257615346389	-1.5015594815920656	-1.5017711073485822	-1.5019606380029504	-1.5021280735383937	-1.5022734142784286	-1.502396660665317	-1.5024978131497571	-1.5025768721361077	-1.5026338379552897	-1.5026687108514503	-1.5026814909754251	-1.5026721783815165	-1.5026407730258482	-1.5026796856724343	-1.5614731502914292	-1.6184464271750707	-1.6737789768649391	-1.7276220391990238	-1.7801018736500751	-1.8313252981561883	-1.8813825424072927	-1.8804151754384404	-1.8284662269109837	-1.7753954017955733	-1.7210967929000007	-1.6654474470594565	-1.6083038779701582	-1.5494959874702074	-1.5209922670902489	-1.5069078488721903
0	0	0	0	0	0	0	0	0	0	0	0	0	0	0	0	0	0	0	0	0	0	0	0	0	0	0	0	0	0	0	0	0	0	0	0	0	0	0	0	0	0	0	0	0	0	0	0	0	0	0	0	0	0	0	0	0	0	0	0	0	0	0	0	0	0	0	0	0	0	0	0	0	0	0	0	0	0	0	0	0	0	0	0	0	0	0	0	0	0	0	0	0	0	0	0	0	0	0	0
1	1	1	1	1	1	1	1	1	1	1	1	1	1	1	1	1	1	1	1	1	1	1	1	1	1	1	1	1	1	1	1	1	1	1	1	1	1	1	1	1	1	1	1	1	1	1	1	1	1	1	1	1	1	1	1	1	1	1	1	1	1	1	1	1	1	1	1	1	1	1	1	1	1	1	1	1	1	1	1	1	1	1	1	1	1	1	1	1	1	1	1	1	1	1	1	1	1	1	1
-0.59999999999999998	-0.59999999999999998	-0.59999999999999998	-0.59999999999999998	-0.59999999999999998	-0.59999999999999998	-0.59999999999999998	-0.59999999999999998	-0.59999999999999998	-0.59999999999999998	-0.59999999999999998	-0.59999999999999998	-0.59999999999999998	-0.59999999999999998	-0.59999999999999998	-0.59999999999999998	-0.59999999999999998	-0.59999999999999998	-0.59999999999999998	-0.59999999999999998	-0.59999999999999998	-0.59999999999999998	-0.59999999999999998	-0.59999999999999998	-0.59999999999999998	-0.59999999999999998	-0.59999999999999998	-0.59999999999999998	-0.59999999999999998	-0.59999999999999998	-0.59999999999999998	-0.59999999999999998	-0.59999999999999998	-0.59999999999999998	-0.59999999999999998	-0.59999999999999998	-0.59999999999999998	-0.59999999999999998	-0.59999999999999998	-0.59999999999999998	-0.59999999999999998	-0.59999999999999998	-0.59999999999999998	-0.59999999999999998	-0.59999999999999998	-0.59999999999999998	-0.59999999999999998	-0.59999999999999998	-0.59999999999999998	-0.59999999999999998	-0.59999999999999998	-0.59999999999999998	-0.59999999999999998	-0.59999999999999998	-0.59999999999999998	-0.59999999999999998	-0.59999999999999998	-0.59999999999999998	-0.59999999999999998	-0.59999999999999998	-0.59999999999999998	-0.59999999999999998	-0.59999999999999998	-0.59999999999999998	-0.59999999999999998	-0.59999999999999998	-0.59999999999999998	-0.59999999999999998	-0.59999999999999998	-0.59999999999999998	-0.59999999999999998	-0.59999999999999998	-0.59999999999999998	-0.59999999999999998	-0.59999999999999998	-0.59999999999999998	-0.59999999999999998	-0.59999999999999998	-0.59999999999999998	-0.59999999999999998	-0.59999999999999998	-0.59999999999999998	-0.59999999999999998	-0.59999999999999998	-0.59999999999999998	-0.59999999999999998	-0.59999999999999998	-0.59999999999999998	-0.59999999999999998	-0.59999999999999998	-0.59999999999999998	-0.59999999999999998	-0.59999999999999998	-0.59999999999999998	-0.59999999999999998	-0.59999999999999998	-0.59999999999999998	-0.59999999999999998	-0.59999999999999998	-0.59999999999999998
0	0	0	0	0	0	0	0	0	0	0	0	0	0	0	0	0	0	0	0	0	0	0	0	0	0	0	0	0	0	0	0	0	0	0	0	0	0	0	0	0	0	0	0	0	0	0	0	0	0	0	0	0	0	0	0	0	0	0	0	0	0	0	0	0	0	0	0	0	0	0	0	0	0	0	0	0	0	0	0	0	0	0	0	0	0	0	0	0	0	0	0	0	0	0	0	0	0	0	0
-5.8934011729483285e-11	-2.9398567723610908e-11	-1.5629213560352523e-11	-9.0058454002128849e-12	-5.7620401212162647e-12	-4.1424085669572873e-12	-3.3271543641690838e-12	-2.9170290226112781e-12	-2.6959072504301165e-12	-2.5800878816694399e-12	-2.5193311143996633e-12	-2.4764299177528062e-12	-2.4453504338813499e-12	-2.4246828223893026e-12	-2.4094934370671713e-12	-2.391818232530584e-12	-2.3773470460101598e-12	-2.369453998571739e-12	-2.3565142360032329e-12	-2.340852192415409e-12	-2.3333494375034978e-12	-2.3241058512449859e-12	-2.3117884736744194e-12	-2.3058648402905011e-12	-2.2985944384791213e-12	-2.2881468694202305e-12	-2.2804580896483971e-12	-2.2745164518202467e-12	-2.2679027919742285e-12	-2.2638598719946072e-12	-2.2582339177107306e-12	-2.2522533285369012e-12	1.5036821099149204e-12	3.5650547330521844e-10	8.6307111051942164e-10	-4.8323686958781279e-10	-9.2090186771835592e-10	3.1028844029046209e-10	6.0832421830600752e-10	8.4046562732304653e-10	4.5087618975022556e-10	-5.1213735795828258e-10	-8.5858138257173295e-10	-5.8599182075499918e-10	-2.7244058485160024e-10	9.6541017087843087e-10	5.2628654371354975e-10	-6.9199319073945971e-10	-2.8593121881542703e-10	-1.2555454978457451e-10	-5.8934011729483285e-11	-2.9398567723610908e-11	-1.5629213560352523e-11	-9.0058454002128849e-12	-5.7620401212162647e-12	-4.1424085669572873e-12	-3.3271543641690838e-12	-2.9170290226112781e-12	-2.6959072504301165e-12	-2.5800878816694399e-12	-2.5193311143996633e-12	-2.4764299177528062e-12	-2.4453504338813499e-12	-2.4246828223893026e-12	-2.4094934370671713e-12	-2.391818232530584e-12	-2.3773470460101598e-12	-2.369453998571739e-12	-2.3565142360032329e-12	-2.340852192415409e-12	-2.3333494375034978e-12	-2.3241058512449859e-12	-2.3117884736744194e-12	-2.3058648402905011e-12	-2.2985944384791213e-12	-2.2881468694202305e-12	-2.2804580896483971e-12	-2.2745164518202467e-12	-2.2679027919742285e-12	-2.2638598719946072e-12	-2.2582339177107306e-12	-2.2522533285369012e-12	1.5036821099149204e-12	3.5650547330521844e-10	8.6307111051942164e-10	-4.8323686958781279e-10	-9.2090186771835592e-10	3.1028844029046209e-10	6.0832421830600752e-10	8.4046562732304653e-10	4.5087618975022556e-10	-5.1213735795828258e-10	-8.5858138257173295e-10	-5.8599182075499918e-10	-2.7244058485160024e-10	9.6541017087843087e-10	5.2628654371354975e-10	-6.9199319073945971e-10	-2.8593121881542703e-10	-1.2555454978457451e-10
0.099054975034945647	0.22355233184434553	0.28584547928813264	0.31670288991800799	0.33173149501936616	0.3388030916657514	0.34187690425570572	0.34294149635507032	0.34299494828872734	0.34253802849171788	0.34182193959884088	0.34097267727671299	0.34005342928202231	0.33909587915129102	0.3381159087780361	0.33712147476099297	0.3361165590455184	0.33510315046818562	0.33408223864081488	0.33305431244954886	0.33201961008235692	0.33097824443080182	0.32993026598441277	0.32887569437273223	0.32781453418229689	0.32674678288660552	0.32567243481980146	0.32459148316655861	0.32350392095604752	0.3224097415569227	0.32130893892172718	0.32020150770515343	-0.21396076412174003	0.70863907905351908	2.0964871133684229	1.9622158914152033	1.8319286674247259	1.7037949156041288	1.5761010916603979	1.4472810718490103	0.20356317905970145	-2.1067612549640624	-3.2451898708781068	-3.263713561220877	-3.2917192664124739	-3.3296896788900465	-3.3784297266713672	-2.1778356630314688	-0.63072400560831299	-0.14761958631580585	0.099054975034945647	0.22355233184434553	0.28584547928813264	0.31670288991800799	0.33173149501936616	0.3388030916657514	0.34187690425570572	0.34294149635507032	0.34299494828872734	0.34253802849171788	0.34182193959884088	0.34097267727671299	0.34005342928202231	0.33909587915129102	0.3381159087780361	0.33712147476099297	0.3361165590455184	0.33510315046818562	0.33408223864081488	0.33305431244954886	0.33201961008235692	0.33097824443080182	0.32993026598441277	0.32887569437273223	0.32781453418229689	0.32674678288660552	0.32567243481980146	0.32459148316655861	0.32350392095604752	0.3224097415569227	0.32130893892172718	0.32020150770515343	-0.21396076412174003	0.70863907905351908	2.0964871133684229	1.9622158914152033	1.8319286674247259	1.7037949156041288	1.5761010916603979	1.4472810718490103	0.20356317905970145	-2.1067612549640624	-3.2451898708781068	-3.263713561220877	-3.2917192664124739	-3.3296896788900465	-3.3784297266713672	-2.1778356630314688	-0.63072400560831299	-0.14761958631580585
0.49169392242091048	0.21550078881118484	0.077991275130373516	0.01021393499260892	-0.022599846255277889	-0.037907942252013438	-0.044457532120134591	-0.046626655121584371	-0.046605383610953677	-0.045488985431985096	-0.043825134800212773	-0.041887667994999767	-0.03981349531325673	-0.037671063919386683	-0.035494590196094578	-0.033301175769828717	-0.031099365301001658	-0.028893425231890646	-0.026685483076971384	-0.024476597022182744	-0.022267290697175479	-0.020057820544239213	-0.0178483094905868	-0.015638813773921623	-0.013429356346106314	-0.011219943566431745	-0.0090105735396028841	-0.0068012402766437496	-0.0045919357670842764	-0.0023826510067492812	-0.00017337650333182353	0.0020358974788470263	-0.0003753645458903776	-2.9416188632785389	-5.7883370751306558	-5.6152913286762089	-5.4587806011988977	-5.3161448392564097	-5.1851629478574583	-5.0640334378598162	-2.4544938641120506	2.6458157748148081	5.2509886821422995	5.3684717005484277	5.497397736805465	5.6396457464934935	5.7975729794631832	4.3655805439944961	2.1294069299005125	1.0421780638489642	0.49169392242091048	0.21550078881118484	0.077991275130373516	0.01021393499260892	-0.022599846255277889	-0.037907942252013438	-0.044457532120134591	-0.046626655121584371	-0.046605383610953677	-0.045488985431985096	-0.043825134800212773	-0.041887667994999767	-0.03981349531325673	-0.037671063919386683	-0.035494590196094578	-0.033301175769828717	-0.031099365301001658	-0.028893425231890646	-0.026685483076971384	-0.024476597022182744	-0.022267290697175479	-0.020057820544239213	-0.0178483094905868	-0.015638813773921623	-0.013429356346106314	-0.011219943566431745	-0.0090105735396028841	-0.0068012402766437496	-0.0045919357670842764	-0.0023826510067492812	-0.00017337650333182353	0.0020358974788470263	-0.0003753645458903776	-2.9416188632785389	-5.7883370751306558	-5.6152913286762089	-5.4587806011988977	-5.3161448392564097	-5.1851629478574583	-5.0640334378598162	-2.4544938641120506	2.6458157748148081	5.2509886821422995	5.3684717005484277	5.497397736805465	5.6396457464934935	5.7975729794631832	4.3655805439944961	2.1294069299005125	1.0421780638489642
2.2922084403270916e-12	2.2868861360999794e-12	2.2785552007726485e-12	2.2701683620462806e-12	2.2673807504779593e-12	2.2614634197140003e-12	2.2554399154070353e-12	-1.5041686007290858e-12	-3.5702224560925579e-10	-8.6432450579759141e-10	4.8394295817741509e-10	9.2224599726439932e-10	-3.1073678726139387e-10	-6.0920559541475428e-10	-8.4168362219728487e-10	-4.515330276785677e-10	5.128819861094639e-10	8.5982889057157719e-10	5.8683665698216163e-10	2.7283388249110456e-10	-9.6681639493972557e-10	-5.2705507670469012e-10	6.9298940294196599e-10	2.8634498606998298e-10	1.2574545632289281e-10	5.9025877109174574e-11	2.944253361567093e-11	1.565081934078583e-11	9.0232402342331422e-12	5.7632077099101681e-12	4.145876121635362e-12	3.3262093968733533e-12	2.9162216656199193e-12	2.7085361477969267e-12	2.5849330560527343e-12	2.5188661346965007e-12	2.478544148979636e-12	2.452199855851169e-12	2.4293567640578669e-12	2.4111185886371628e-12	2.4048338724438881e-12	2.3836177372630909e-12	2.3619778568983971e-12	2.358063438444659e-12	2.3479453654090452e-12	2.3281660041574819e-12	2.3259035257763668e-12	2.3249576361897629e-12	2.3076389399986483e-12	2.2984607816276186e-12	2.2922084403270916e-12	2.2868861360999794e-12	2.2785552007726485e-12	2.2701683620462806e-12	2.2673807504779593e-12	2.2614634197140003e-12	2.2554399154070353e-12	-1.5041686007290858e-12	-3.5702224560925579e-10	-8.6432450579759141e-10	4.8394295817741509e-10	9.2224599726439932e-10	-3.1073678726139387e-10	-6.0920559541475428e-10	-8.4168362219728487e-10	-4.515330276785677e-10	5.128819861094639e-10	8.5982889057157719e-10	5.8683665698216163e-10	2.7283388249110456e-10	-9.6681639493972557e-10	-5.2705507670469012e-10	6.9298940294196599e-10	2.8634498606998298e-10	1.2574545632289281e-10	5.9025877109174574e-11	2.944253361567093e-11	1.565081934078583e-11	9.0232402342331422e-12	5.7632077099101681e-12	4.145876121635362e-12	3.3262093968733533e-12	2.9162216656199193e-12	2.7085361477969267e-12	2.5849330560527343e-12	2.5188661346965007e-12	2.478544148979636e-12	2.452199855851169e-12	2.4293567640578669e-12	2.4111185886371628e-12	2.4048338724438881e-12	2.3836177372630909e-12	2.3619778568983971e-12	2.358063438444659e-12	2.3479453654090452e-12	2.3281660041574819e-12	2.3259035257763668e-12	2.3249576361897629e-12	2.3076389399986483e-12	2.2984607816276186e-12
0.32674678288660552	0.32567243481981811	0.32459148316654196	0.32350392095603642	0.32240974155693936	0.32130893892172718	0.32020150770514788	-0.21396076412174003	0.70863907905376333	2.0964871133690002	1.9622158914148702	1.8319286674241153	1.7037949156042953	1.5761010916607476	1.4472810718495321	0.2035631790599568	-2.1067612549644119	-3.2451898708786011	-3.2637135612212043	-3.2917192664126462	-3.3296896788894195	-3.3784297266710284	-2.1778356630318796	-0.63072400560847397	-0.14761958631590022	0.099054975034895687	0.22355233184430667	0.28584547928809934	0.31670288991798579	0.33173149501937726	0.33880309166578471	0.34187690425571127	0.34294149635505922	0.34299494828872179	0.34253802849172899	0.34182193959883533	0.34097267727670189	0.34005342928203897	0.33909587915130768	0.338115908778025	0.33712147476097631	0.33611655904552951	0.33510315046818562	0.33408223864079822	0.33305431244954331	0.33201961008234027	0.33097824443080182	0.32993026598441277	0.32887569437273778	0.32781453418230244	0.32674678288660552	0.32567243481981811	0.32459148316654196	0.32350392095603642	0.32240974155693936	0.32130893892172718	0.32020150770514788	-0.21396076412174003	0.70863907905376333	2.0964871133690002	1.9622158914148702	1.8319286674241153	1.7037949156042953	1.5761010916607476	1.4472810718495321	0.2035631790599568	-2.1067612549644119	-3.2451898708786011	-3.2637135612212043	-3.2917192664126462	-3.3296896788894195	-3.3784297266710284	-2.1778356630318796	-0.63072400560847397	-0.14761958631590022	0.099054975034895687	0.22355233184430667	0.28584547928809934	0.31670288991798579	0.33173149501937726	0.33880309166578471	0.34187690425571127	0.34294149635505922	0.34299494828872179	0.34253802849172899	0.34182193959883533	0.34097267727670189	0.34005342928203897	0.33909587915130768	0.338115908778025	0.33712147476097631	0.33611655904552951	0.33510315046818562	0.33408223864079822	0.33305431244954331	0.33201961008234027	0.33097824443080182	0.32993026598441277	0.32887569437273778	0.32781453418230244
-0.011219943566453949	-0.0090105735395917819	-0.0068012402766104429	-0.0045919357670953787	-0.0023826510067603834	-0.00017337650330961907	0.0020358974788248219	-0.00037536454590147983	-2.9416188632790385	-5.7883370751318219	-5.6152913286755197	-5.4587806011976543	-5.3161448392567756	-5.1851629478582133	-5.064033437860882	-2.4544938641126057	2.6458157748154632	5.2509886821433653	5.3684717005491596	5.4973977368058202	5.6396457464921168	5.797572979462462	4.3655805439954509	2.1294069299008789	1.0421780638491529	0.49169392242096599	0.21550078881126256	0.077991275130451232	0.010213934992631124	-0.022599846255277889	-0.037907942252046745	-0.044457532120134591	-0.046626655121551064	-0.046605383610975881	-0.045488985432029505	-0.043825134800179466	-0.041887667994977562	-0.039813495313278935	-0.037671063919408887	-0.035494590196094578	-0.03330117576979541	-0.031099365300979454	-0.028893425231890646	-0.026685483076982486	-0.024476597022182744	-0.022267290697142172	-0.020057820544228111	-0.017848309490575698	-0.01563881377391052	-0.013429356346128518	-0.011219943566453949	-0.0090105735395917819	-0.0068012402766104429	-0.0045919357670953787	-0.0023826510067603834	-0.00017337650330961907	0.0020358974788248219	-0.00037536454590147983	-2.9416188632790385	-5.7883370751318219	-5.6152913286755197	-5.4587806011976543	-5.3161448392567756	-5.1851629478582133	-5.064033437860882	-2.4544938641126057	2.6458157748154632	5.2509886821433653	5.3684717005491596	5.4973977368058202	5.6396457464921168	5.797572979462462	4.3655805439954509	2.1294069299008789	1.0421780638491529	0.49169392242096599	0.21550078881126256	0.077991275130451232	0.010213934992631124	-0.022599846255277889	-0.037907942252046745	-0.044457532120134591	-0.046626655121551064	-0.046605383610975881	-0.045488985432029505	-0.043825134800179466	-0.041887667994977562	-0.039813495313278935	-0.037671063919408887	-0.035494590196094578	-0.03330117576979541	-0.031099365300979454	-0.028893425231890646	-0.026685483076982486	-0.024476597022182744	-0.022267290697142172	-0.020057820544228111	-0.017848309490575698	-0.01563881377391052	-0.013429356346128518
-2.2911878467203695e-12	-2.2800874657656242e-12	-2.2756916814399623e-12	-2.2690013472347765e-12	-2.2624482164231396e-12	-2.257985724515059e-12	-2.252706080432319e-12	1.5043814417194719e-12	3.5650705656304757e-10	8.63070900262833e-10	-4.8323885142499472e-10	-9.209012451650655e-10	3.1028818399481679e-10	6.0832123501932578e-10	8.4046612784572351e-10	4.5087987052240596e-10	-5.121376237285803e-10	-8.5858445644486351e-10	-5.859911939829041e-10	-2.7244079486587925e-10	9.6540810400437979e-10	5.2628885724790417e-10	-6.919891137248013e-10	-2.8593102139446362e-10	-1.2555661539539672e-10	-5.8934348569712349e-11	-2.9400364972635412e-11	-1.562929067927991e-11	-9.0030259566924905e-12	-5.7617379204936707e-12	-4.1456452991239866e-12	-3.3280619767586633e-12	-2.9146514708183019e-12	-2.6975089706875408e-12	-2.5799736503326123e-12	-2.5173476613013877e-12	-2.4761882628356806e-12	-2.4470249866369072e-12	-2.4253318871104533e-12	-2.4081454196176644e-12	-2.3916960298609884e-12	-2.3770057656151547e-12	-2.3703596452011567e-12	-2.3560414341958547e-12	-2.3397476061189763e-12	-2.3312835190528139e-12	-2.3248739802814689e-12	-2.3171406656741424e-12	-2.3021815652631967e-12	-2.2957145173749795e-12	-2.2911878467203695e-12	-2.2800874657656242e-12	-2.2756916814399623e-12	-2.2690013472347765e-12	-2.2624482164231396e-12	-2.257985724515059e-12	-2.252706080432319e-12	1.5043814417194719e-12	3.5650705656304757e-10	8.63070900262833e-10	-4.8323885142499472e-10	-9.209012451650655e-10	3.1028818399481679e-10	6.0832123501932578e-10	8.4046612784572351e-10	4.5087987052240596e-10	-5.121376237285803e-10	-8.5858445644486351e-10	-5.859911939829041e-10	-2.7244079486587925e-10	9.6540810400437979e-10	5.2628885724790417e-10	-6.919891137248013e-10	-2.8593102139446362e-10	-1.2555661539539672e-10	-5.8934348569712349e-11	-2.9400364972635412e-11	-1.562929067927991e-11	-9.0030259566924905e-12	-5.7617379204936707e-12	-4.1456452991239866e-12	-3.3280619767586633e-12	-2.9146514708183019e-12	-2.6975089706875408e-12	-2.5799736503326123e-12	-2.5173476613013877e-12	-2.4761882628356806e-12	-2.4470249866369072e-12	-2.4253318871104533e-12	-2.4081454196176644e-12	-2.3916960298609884e-12	-2.3770057656151547e-12	-2.3703596452011567e-12	-2.3560414341958547e-12	-2.3397476061189763e-12	-2.3312835190528139e-12	-2.3248739802814689e-12	-2.3171406656741424e-12	-2.3021815652631967e-12	-2.2957145173749795e-12
0.32674678288659997	0.32567243481981811	0.32459148316653086	0.32350392095603087	0.3224097415569338	0.32130893892172718	0.32020150770516453	-0.21396076412172338	0.70863907905351908	2.0964871133683891	1.9622158914151866	1.8319286674247592	1.7037949156041177	1.5761010916603813	1.4472810718490492	0.2035631790596959	-2.106761254964101	-3.2451898708780846	-3.2637135612208548	-3.2917192664124908	-3.3296896788900856	-3.3784297266713725	-2.1778356630314355	-0.63072400560828523	-0.1476195863158003	0.099054975034917891	0.22355233184433998	0.28584547928813264	0.31670288991798579	0.33173149501939392	0.33880309166577915	0.34187690425569461	0.34294149635504811	0.34299494828871069	0.34253802849172899	0.34182193959884644	0.34097267727671854	0.34005342928201121	0.33909587915130213	0.33811590877804165	0.33712147476097631	0.3361165590455184	0.33510315046818007	0.33408223864082043	0.33305431244956551	0.33201961008236247	0.33097824443080182	0.32993026598440167	0.32887569437274888	0.32781453418230244	0.32674678288659997	0.32567243481981811	0.32459148316653086	0.32350392095603087	0.3224097415569338	0.32130893892172718	0.32020150770516453	-0.21396076412172338	0.70863907905351908	2.0964871133683891	1.9622158914151866	1.8319286674247592	1.7037949156041177	1.5761010916603813	1.4472810718490492	0.2035631790596959	-2.106761254964101	-3.2451898708780846	-3.2637135612208548	-3.2917192664124908	-3.3296896788900856	-3.3784297266713725	-2.1778356630314355	-0.63072400560828523	-0.1476195863158003	0.099054975034917891	0.22355233184433998	0.28584547928813264	0.31670288991798579	0.33173149501939392	0.33880309166577915	0.34187690425569461	0.34294149635504811	0.34299494828871069	0.34253802849172899	0.34182193959884644	0.34097267727671854	0.34005342928201121	0.33909587915130213	0.33811590877804165	0.33712147476097631	0.3361165590455184	0.33510315046818007	0.33408223864082043	0.33305431244956551	0.33201961008236247	0.33097824443080182	0.32993026598440167	0.32887569437274888	0.32781453418230244
-0.011219943566431745	-0.0090105735396028841	-0.0068012402766215452	-0.0045919357670842764	-0.0023826510067714857	-0.0001733765033207213	0.0020358974788470263	-0.00037536454592368429	-2.9416188632785722	-5.7883370751306114	-5.6152913286761752	-5.4587806011989422	-5.3161448392564203	-5.1851629478574468	-5.0640334378598055	-2.4544938641120284	2.645815774814797	5.250988682142288	5.3684717005484277	5.497397736805465	5.6396457464935263	5.7975729794631832	4.3655805439944739	2.1294069299004903	1.042178063848942	0.49169392242092158	0.21550078881119594	0.077991275130384619	0.010213934992653328	-0.022599846255311196	-0.037907942252057847	-0.044457532120101284	-0.046626655121551064	-0.046605383610942575	-0.045488985431996198	-0.043825134800201671	-0.041887667994999767	-0.039813495313267833	-0.037671063919408887	-0.03549459019610568	-0.033301175769817615	-0.031099365300990556	-0.028893425231890646	-0.026685483076982486	-0.024476597022182744	-0.022267290697186581	-0.020057820544217009	-0.0178483094905868	-0.015638813773943827	-0.013429356346095211	-0.011219943566431745	-0.0090105735396028841	-0.0068012402766215452	-0.0045919357670842764	-0.0023826510067714857	-0.0001733765033207213	0.0020358974788470263	-0.00037536454592368429	-2.9416188632785722	-5.7883370751306114	-5.6152913286761752	-5.4587806011989422	-5.3161448392564203	-5.1851629478574468	-5.0640334378598055	-2.4544938641120284	2.645815774814797	5.250988682142288	5.3684717005484277	5.497397736805465	5.6396457464935263	5.7975729794631832	4.3655805439944739	2.1294069299004903	1.042178063848942	0.49169392242092158	0.21550078881119594	0.077991275130384619	0.010213934992653328	-0.022599846255311196	-0.037907942252057847	-0.044457532120101284	-0.046626655121551064	-0.046605383610942575	-0.045488985431996198	-0.043825134800201671	-0.041887667994999767	-0.039813495313267833	-0.037671063919408887	-0.03549459019610568	-0.033301175769817615	-0.031099365300990556	-0.028893425231890646	-0.026685483076982486	-0.024476597022182744	-0.022267290697186581	-0.020057820544217009	-0.0178483094905868	-0.015638813773943827	-0.013429356346095211
5.9026559789078592e-11	2.9442175981698079e-11	1.5651442711969176e-11	9.0234884978787526e-12	5.7626170913309176e-12	4.1458809488442819e-12	3.3258247250701253e-12	2.9158978129329738e-12	2.7079960627359524e-12	2.5844348402067099e-12	2.5196283319019038e-12	2.4793009564054147e-12	2.4516423806464746e-12	2.4306207240545911e-12	2.4109006064090771e-12	2.4040944899240947e-12	2.3856087646577803e-12	2.3635960377243088e-12	2.3543655919019116e-12	2.3454748983565655e-12	2.3311343794430259e-12	2.3285818457650425e-12	2.3249021571395501e-12	2.3035342604138978e-12	2.2978404177627877e-12	2.2948782421080469e-12	2.2884938011493697e-12	2.2774659011513369e-12	2.2689472099542353e-12	2.2670837030802419e-12	2.2611506033173164e-12	2.2568912612394531e-12	-1.5041600257612658e-12	-3.5702528594516008e-10	-8.6432493243432472e-10	4.8394444739885163e-10	9.2224578340022012e-10	-3.107354921397422e-10	-6.0920270882342336e-10	-8.4168425046274597e-10	-4.5153506209106853e-10	5.1288179061909868e-10	8.5982989984311309e-10	5.8683658480753058e-10	2.7283246852627229e-10	-9.6681300408261425e-10	-5.2705394620137236e-10	6.9298626735440471e-10	2.8634360318187655e-10	1.2574554204859312e-10	5.9026559789078592e-11	2.9442175981698079e-11	1.5651442711969176e-11	9.0234884978787526e-12	5.7626170913309176e-12	4.1458809488442819e-12	3.3258247250701253e-12	2.9158978129329738e-12	2.7079960627359524e-12	2.5844348402067099e-12	2.5196283319019038e-12	2.4793009564054147e-12	2.4516423806464746e-12	2.4306207240545911e-12	2.4109006064090771e-12	2.4040944899240947e-12	2.3856087646577803e-12	2.3635960377243088e-12	2.3543655919019116e-12	2.3454748983565655e-12	2.3311343794430259e-12	2.3285818457650425e-12	2.3249021571395501e-12	2.3035342604138978e-12	2.2978404177627877e-12	2.2948782421080469e-12	2.2884938011493697e-12	2.2774659011513369e-12	2.2689472099542353e-12	2.2670837030802419e-12	2.2611506033173164e-12	2.2568912612394531e-12	-1.5041600257612658e-12	-3.5702528594516008e-10	-8.6432493243432472e-10	4.8394444739885163e-10	9.2224578340022012e-10	-3.107354921397422e-10	-6.0920270882342336e-10	-8.4168425046274597e-10	-4.5153506209106853e-10	5.1288179061909868e-10	8.5982989984311309e-10	5.8683658480753058e-10	2.7283246852627229e-10	-9.6681300408261425e-10	-5.2705394620137236e-10	6.9298626735440471e-10	2.8634360318187655e-10	1.2574554204859312e-10
0.099054975034873483	0.22355233184432888	0.28584547928810489	0.31670288991800244	0.33173149501939947	0.33880309166578471	0.34187690425570572	0.34294149635504811	0.34299494828871069	0.34253802849171788	0.34182193959884644	0.34097267727671854	0.34005342928202786	0.33909587915130213	0.338115908778025	0.33712147476095411	0.33611655904552951	0.33510315046820227	0.33408223864078157	0.33305431244953221	0.33201961008236247	0.33097824443082402	0.32993026598441277	0.32887569437272668	0.32781453418230244	0.32674678288659997	0.32567243481980146	0.32459148316655306	0.32350392095605307	0.32240974155693936	0.32130893892173273	0.32020150770515343	-0.21396076412174003	0.70863907905375778	2.096487113368978	1.9622158914148313	1.831928667424132	1.7037949156043342	1.5761010916607643	1.4472810718495377	0.2035631790599457	-2.1067612549644177	-3.2451898708785953	-3.2637135612211821	-3.2917192664126684	-3.329689678889447	-3.3784297266710284	-2.1778356630318854	-0.63072400560845732	-0.14761958631591687	0.099054975034873483	0.22355233184432888	0.28584547928810489	0.31670288991800244	0.33173149501939947	0.33880309166578471	0.34187690425570572	0.34294149635504811	0.34299494828871069	0.34253802849171788	0.34182193959884644	0.34097267727671854	0.34005342928202786	0.33909587915130213	0.338115908778025	0.33712147476095411	0.33611655904552951	0.33510315046820227	0.33408223864078157	0.33305431244953221	0.33201961008236247	0.33097824443082402	0.32993026598441277	0.32887569437272668	0.32781453418230244	0.32674678288659997	0.32567243481980146	0.32459148316655306	0.32350392095605307	0.32240974155693936	0.32130893892173273	0.32020150770515343	-0.21396076412174003	0.70863907905375778	2.096487113368978	1.9622158914148313	1.831928667424132	1.7037949156043342	1.5761010916607643	1.4472810718495377	0.2035631790599457	-2.1067612549644177	-3.2451898708785953	-3.2637135612211821	-3.2917192664126684	-3.329689678889447	-3.3784297266710284	-2.1778356630318854	-0.63072400560845732	-0.14761958631591687
0.4916939224210326	0.21550078881120704	0.077991275130417925	0.010213934992631124	-0.022599846255288991	-0.037907942252057847	-0.044457532120134591	-0.046626655121539962	-0.046605383610953677	-0.045488985431996198	-0.043825134800201671	-0.041887667994977562	-0.039813495313267833	-0.037671063919419989	-0.035494590196094578	-0.03330117576979541	-0.031099365300990556	-0.028893425231879544	-0.026685483076949179	-0.024476597022193847	-0.022267290697164377	-0.020057820544239213	-0.017848309490575698	-0.01563881377391052	-0.013429356346161825	-0.011219943566420643	-0.0090105735395362707	-0.0068012402766326474	-0.0045919357671286853	-0.0023826510067714857	-0.00017337650330961907	0.0020358974788470263	-0.0003753645458903776	-2.9416188632790496	-5.7883370751318219	-5.6152913286754984	-5.4587806011976543	-5.3161448392567978	-5.185162947858224	-5.064033437860882	-2.4544938641126057	2.645815774815452	5.2509886821433538	5.3684717005491489	5.4973977368058424	5.6396457464921284	5.7975729794624513	4.3655805439954616	2.1294069299008567	1.0421780638491862	0.4916939224210326	0.21550078881120704	0.077991275130417925	0.010213934992631124	-0.022599846255288991	-0.037907942252057847	-0.044457532120134591	-0.046626655121539962	-0.046605383610953677	-0.045488985431996198	-0.043825134800201671	-0.041887667994977562	-0.039813495313267833	-0.037671063919419989	-0.035494590196094578	-0.03330117576979541	-0.031099365300990556	-0.028893425231879544	-0.026685483076949179	-0.024476597022193847	-0.022267290697164377	-0.020057820544239213	-0.017848309490575698	-0.01563881377391052	-0.013429356346161825	-0.011219943566420643	-0.0090105735395362707	-0.0068012402766326474	-0.0045919357671286853	-0.0023826510067714857	-0.00017337650330961907	0.0020358974788470263	-0.0003753645458903776	-2.9416188632790496	-5.7883370751318219	-5.6152913286754984	-5.4587806011976543	-5.3161448392567978	-5.185162947858224	-5.064033437860882	-2.4544938641126057	2.645815774815452	5.2509886821433538	5.3684717005491489	5.4973977368058424	5.6396457464921284	5.7975729794624513	4.3655805439954616	2.1294069299008567	1.0421780638491862
0	0	0	0	0	0	0	0	0	0	0	0	0	0	0	0	0	0	0	0	0	0	0	0	0	0	0	0	0	0	0	0	0	0	0	0	0	0	0	0	0	0	0	0	0	0	0	0	0	0	0	0	0	0	0	0	0	0	0	0	0	0	0	0	0	0	0	0	0	0	0	0	0	0	0	0	0	0	0	0	0	0	0	0	0	0	0	0	0	0	0	0	0	0	0	0	0	0	0	0
0	0	0	0	0	0	0	0	0	0	0	0	0	0	0	0	0	0	0	0	0	0	0	0	0	0	0	0	0	0	0	0	0	0	0	0	0	0	0	0	0	0	0	0	0	0	0	0	0	0	0	0	0	0	0	0	0	0	0	0	0	0	0	0	0	0	0	0	0	0	0	0	0	0	0	0	0	0	0	0	0	0	0	0	0	0	0	0	0	0	0	0	0	0	0	0	0	0	0	0
0	0	0	0	0	0	0	0	0	0	0	0	0	0	0	0	0	0	0	0	0	0	0	0	0	0	0	0	0	0	0	0	0	0	0	0	0	0	0	0	0	0	0	0	0	0	0	0	0	0	0	0	0	0	0	0	0	0	0	0	0	0	0	0	0	0	0	0	0	0	0	0	0	0	0	0	0	0	0	0	0	0	0	0	0	0	0	0	0	0	0	0	0	0	0	0	0	0	0	0
0	0	0	0	0	0	0	0	0	0	0	0	0	0	0	0	0	0	0	0	0	0	0	0	0	0	0	0	0	0	0	0	0	0	0	0	0	0	0	0	0	0	0	0	0	0	0	0	0	0	0	0	0	0	0	0	0	0	0	0	0	0	0	0	0	0	0	0	0	0	0	0	0	0	0	0	0	0	0	0	0	0	0	0	0	0	0	0	0	0	0	0	0	0	0	0	0	0	0	0
