# B2-Z1 kinematically transferred gait; foot x/y centered on the B2 keyframe, stance grounded, base height=0.45m, and swing height=0.07m; source B2-FK height=0.153365m; max IK residual=4.88831e-08m; rows: 12 leg q, 4 arm q, 12 leg dq, 4 arm dq
2.3746822240133979e-13	2.5057175494983062e-13	2.5719518159369718e-13	2.6075004099087151e-13	2.6242466236025926e-13	2.6311280137244256e-13	2.636252076053504e-13	2.6378494063985354e-13	2.6391058991828046e-13	2.6397984228840454e-13	2.6398712285848869e-13	2.6398341799066113e-13	2.6398379372142776e-13	2.640125800996667e-13	2.6403953661762153e-13	2.6401348554818636e-13	2.6399427540358055e-13	2.6400395423596641e-13	2.6401863076232426e-13	2.6400667236870081e-13	2.639919054194562e-13	2.6398867228109975e-13	2.6395379956320549e-13	2.6400140442362993e-13	2.6399489391030599e-13	2.6399543838359114e-13	2.6399009244464258e-13	2.6397857647875441e-13	2.6399319319654185e-13	2.6398680285544862e-13	2.639885435603193e-13	2.6398868097316532e-13	2.6398711191015875e-13	2.639851943348153e-13	9.4565624539833497e-14	4.2609834508315789e-14	1.8313670913276955e-13	3.1375429787717393e-12	3.86285451526398e-14	4.8175805436099297e-13	6.0025458359293344e-12	6.002509391395654e-12	4.8175805509739051e-13	3.8627376770503267e-14	3.137537994770941e-12	1.8313160771435542e-13	4.2610051348750286e-14	9.4565624539833497e-14	1.6696816354427533e-13	2.1248542519422692e-13	2.3746822240133979e-13	2.5057175494983062e-13	2.5719518159369718e-13	2.6075004099087151e-13	2.6242466236025926e-13	2.6311280137244256e-13	2.636252076053504e-13	2.6378494063985354e-13	2.6391058991828046e-13	2.6397984228840454e-13	2.6398712285848869e-13	2.6398341799066113e-13	2.6398379372142776e-13	2.640125800996667e-13	2.6403953661762153e-13	2.6401348554818636e-13	2.6399427540358055e-13	2.6400395423596641e-13	2.6401863076232426e-13	2.6400667236870081e-13	2.639919054194562e-13	2.6398867228109975e-13	2.6395379956320549e-13	2.6400140442362993e-13	2.6399489391030599e-13	2.6399543838359114e-13	2.6399009244464258e-13	2.6397857647875441e-13	2.6399319319654185e-13	2.6398680285544862e-13	2.639885435603193e-13	2.6398868097316532e-13	2.6398711191015875e-13	2.639851943348153e-13	9.4565624539833497e-14	4.2609834508315789e-14	1.8313670913276955e-13	3.1375429787717393e-12	3.86285451526398e-14	4.8175805436099297e-13	6.0025458359293344e-12	6.002509391395654e-12	4.8175805509739051e-13	3.8627376770503267e-14	3.137537994770941e-12	1.8313160771435542e-13	4.2610051348750286e-14	9.4565624539833497e-14	1.6696816354427533e-13	2.1248542519422692e-13
0.8703420950954166	0.86932294387530962	0.86881291876470457	0.86855779370162833	0.86843020302648088	0.86836640065091553	0.86833449770337312	0.86831854578963041	0.86831056972276122	0.86830658166182717	0.86830458762448515	0.86830359060409512	0.86830309209347034	0.8683028428380507	0.86830271821031413	0.86830265589643918	0.8683026247394996	0.86830260916102919	0.86830260137179438	0.86830259747717697	0.86830259552986788	0.86830259455621384	0.86830259406938637	0.86830259382597275	0.8683025937042661	0.86830259364341278	0.86830259361298578	0.86830259359777295	0.86830259359016548	0.86830259358636253	0.86830259358446094	0.86830259358351014	0.86830259358303441	0.86830259358255923	0.8844856104074843	0.90037006261663721	0.91596342086439453	0.93127155930008731	0.94629856794284539	0.96104718876853934	0.97551851026124636	0.97551851026124636	0.96104718876853934	0.94629856794284506	0.93127155930008731	0.91596342086439475	0.90037006261663721	0.8844856104074843	0.87643195496863713	0.8723768099310244	0.8703420950954166	0.86932294387530962	0.86881291876470457	0.86855779370162833	0.86843020302648088	0.86836640065091553	0.86833449770337312	0.86831854578963041	0.86831056972276122	0.86830658166182717	0.86830458762448515	0.86830359060409512	0.86830309209347034	0.8683028428380507	0.86830271821031413	0.86830265589643918	0.8683026247394996	0.86830260916102919	0.86830260137179438	0.86830259747717697	0.86830259552986788	0.86830259455621384	0.86830259406938637	0.86830259382597275	0.8683025937042661	0.86830259364341278	0.86830259361298578	0.86830259359777295	0.86830259359016548	0.86830259358636253	0.86830259358446094	0.86830259358351014	0.86830259358303441	0.86830259358255923	0.8844856104074843	0.90037006261663721	0.91596342086439453	0.93127155930008731	0.94629856794284539	0.96104718876853934	0.97551851026124636	0.97551851026124636	0.96104718876853934	0.94629856794284506	0.93127155930008731	0.91596342086439475	0.90037006261663721	0.8844856104074843	0.87643195496863713	0.8723768099310244
-1.8633779895449538	-1.8611564183177036	-1.86004493860556	-1.8594890248261622	-1.8592110244056681	-1.8590720133064678	-1.8590025050338475	-1.8589677502166846	-1.8589503726378773	-1.8589416838059165	-1.8589373393792961	-1.8589351671633261	-1.8589340810546753	-1.8589335380001843	-1.8589332664728975	-1.8589331307092438	-1.8589330628274137	-1.8589330288864983	-1.8589330119160405	-1.8589330034308114	-1.8589329991881964	-1.8589329970668895	-1.8589329960062355	-1.8589329954759088	-1.8589329952107456	-1.8589329950781641	-1.8589329950118729	-1.8589329949787277	-1.8589329949621547	-1.8589329949538689	-1.8589329949497257	-1.8589329949476538	-1.858932994946618	-1.8589329949455824	-1.8942895112036118	-1.929198569386563	-1.963686619005901	-1.9977780707018395	-2.0314953573769876	-2.0648594489385985	-2.0978897990427057	-2.0978897990427057	-2.0648594489385985	-2.0314953573769876	-1.9977780707018395	-1.963686619005901	-1.929198569386563	-1.8942895112036118	-1.876668926138507	-1.8678156045979701	-1.8633779895449538	-1.8611564183177036	-1.86004493860556	-1.8594890248261622	-1.8592110244056681	-1.8590720133064678	-1.8590025050338475	-1.8589677502166846	-1.8589503726378773	-1.8589416838059165	-1.8589373393792961	-1.8589351671633261	-1.8589340810546753	-1.8589335380001843	-1.8589332664728975	-1.8589331307092438	-1.8589330628274137	-1.8589330288864983	-1.8589330119160405	-1.8589330034308114	-1.8589329991881964	-1.8589329970668895	-1.8589329960062355	-1.8589329954759088	-1.8589329952107456	-1.8589329950781641	-1.8589329950118729	-1.8589329949787277	-1.8589329949621547	-1.8589329949538689	-1.8589329949497257	-1.8589329949476538	-1.858932994946618	-1.8589329949455824	-1.8942895112036118	-1.929198569386563	-1.963686619005901	-1.9977780707018395	-2.0314953573769876	-2.0648594489385985	-2.0978897990427057	-2.0978897990427057	-2.0648594489385985	-2.0314953573769876	-1.9977780707018395	-1.963686619005901	-1.929198569386563	-1.8942895112036118	-1.876668926138507	-1.8678156045979701
-2.6298647205218705e-13	-2.629786203810208e-13	-2.6297923675390462e-13	-2.6298359423577677e-13	-2.6297653330758105e-13	-2.629804053491791e-13	-2.6297816313387956e-13	-2.6297866524233415e-13	-2.6297909566457682e-13	-9.3260817411006449e-14	-4.1190623778770119e-14	-1.8193990906484441e-13	-3.140554186896081e-12	-3.7120811667698594e-14	-4.8076361542774169e-13	-6.0095408801297682e-12	-6.0095455203532699e-12	-4.8076361542774169e-13	-3.7118239386475799e-14	-3.1405543331680831e-12	-1.8193849799893122e-13	-4.1188889046363176e-14	-9.3260817419950339e-14	-1.6606316925978419e-13	-2.1145469557934785e-13	-2.3643202656113053e-13	-2.4932870505414076e-13	-2.5622826297098022e-13	-2.5954524497162896e-13	-2.6130728743713899e-13	-2.6215906030766404e-13	-2.6255354550746896e-13	-2.629840167388766e-13	-2.6288246105812119e-13	-2.6293650282897677e-13	-2.6298673732748438e-13	-2.6295168385147189e-13	-2.6303112869173149e-13	-2.6297577339244288e-13	-2.6304729872864181e-13	-2.6301664642406177e-13	-2.6275980491999705e-13	-2.6299020277615545e-13	-2.630154655448967e-13	-2.6299846429747913e-13	-2.629849959292554e-13	-2.6321244327109801e-13	-2.6301549118648756e-13	-2.6299233305990774e-13	-2.6298405577968186e-13	-2.6298647205218705e-13	-2.629786203810208e-13	-2.6297923675390462e-13	-2.6298359423577677e-13	-2.6297653330758105e-13	-2.629804053491791e-13	-2.6297816313387956e-13	-2.6297866524233415e-13	-2.6297909566457682e-13	-9.3260817411006449e-14	-4.1190623778770119e-14	-1.8193990906484441e-13	-3.140554186896081e-12	-3.7120811667698594e-14	-4.8076361542774169e-13	-6.0095408801297682e-12	-6.0095455203532699e-12	-4.8076361542774169e-13	-3.7118239386475799e-14	-3.1405543331680831e-12	-1.8193849799893122e-13	-4.1188889046363176e-14	-9.3260817419950339e-14	-1.6606316925978419e-13	-2.1145469557934785e-13	-2.3643202656113053e-13	-2.4932870505414076e-13	-2.5622826297098022e-13	-2.5954524497162896e-13	-2.6130728743713899e-13	-2.6215906030766404e-13	-2.6255354550746896e-13	-2.629840167388766e-13	-2.6288246105812119e-13	-2.6293650282897677e-13	-2.6298673732748438e-13	-2.6295168385147189e-13	-2.6303112869173149e-13	-2.6297577339244288e-13	-2.6304729872864181e-13	-2.6301664642406177e-13	-2.6275980491999705e-13	-2.6299020277615545e-13	-2.630154655448967e-13	-2.6299846429747913e-13	-2.629849959292554e-13	-2.6321244327109801e-13	-2.6301549118648756e-13	-2.6299233305990774e-13	-2.6298405577968186e-13
0.86830259364341267	0.8683025936129859	0.86830259359777273	0.86830259359016593	0.86830259358636275	0.86830259358446094	0.86830259358351036	0.86830259358303474	0.86830259358255912	0.8844856104074843	0.9003700626166371	0.91596342086439464	0.93127155930008898	0.9462985679428455	0.96104718876853967	0.97551851026124992	0.97551851026124992	0.96104718876853967	0.94629856794284517	0.93127155930008898	0.91596342086439431	0.9003700626166371	0.8844856104074843	0.87643195496863724	0.8723768099310244	0.87034209509541638	0.86932294387530973	0.86881291876470423	0.86855779370162889	0.86843020302648077	0.8683664006509153	0.86833449770337301	0.86831854578963064	0.86831056972276099	0.86830658166182695	0.86830458762448504	0.8683035906040949	0.86830309209347012	0.8683028428380507	0.86830271821031413	0.86830265589643918	0.86830262473949982	0.86830260916102942	0.8683026013717946	0.86830259747717697	0.86830259552986844	0.86830259455621384	0.86830259406938626	0.86830259382597308	0.86830259370426621	0.86830259364341267	0.8683025936129859	0.86830259359777273	0.86830259359016593	0.86830259358636275	0.86830259358446094	0.86830259358351036	0.86830259358303474	0.86830259358255912	0.8844856104074843	0.9003700626166371	0.91596342086439464	0.93127155930008898	0.9462985679428455	0.96104718876853967	0.97551851026124992	0.97551851026124992	0.96104718876853967	0.94629856794284517	0.93127155930008898	0.91596342086439431	0.9003700626166371	0.8844856104074843	0.87643195496863724	0.8723768099310244	0.87034209509541638	0.86932294387530973	0.86881291876470423	0.86855779370162889	0.86843020302648077	0.8683664006509153	0.86833449770337301	0.86831854578963064	0.86831056972276099	0.86830658166182695	0.86830458762448504	0.8683035906040949	0.86830309209347012	0.8683028428380507	0.86830271821031413	0.86830265589643918	0.86830262473949982	0.86830260916102942	0.8683026013717946	0.86830259747717697	0.86830259552986844	0.86830259455621384	0.86830259406938626	0.86830259382597308	0.86830259370426621
-1.8589329950781639	-1.8589329950118731	-1.8589329949787272	-1.8589329949621547	-1.8589329949538687	-1.8589329949497251	-1.8589329949476538	-1.858932994946618	-1.858932994945582	-1.8942895112036116	-1.9291985693865625	-1.963686619005901	-1.9977780707018429	-2.0314953573769872	-2.0648594489385985	-2.0978897990427128	-2.0978897990427128	-2.0648594489385985	-2.0314953573769876	-1.9977780707018429	-1.9636866190059004	-1.9291985693865625	-1.8942895112036116	-1.8766689261385068	-1.8678156045979697	-1.8633779895449532	-1.861156418317703	-1.8600449386055591	-1.8594890248261624	-1.8592110244056683	-1.859072013306468	-1.8590025050338472	-1.8589677502166844	-1.8589503726378769	-1.8589416838059163	-1.8589373393792958	-1.8589351671633254	-1.8589340810546753	-1.8589335380001841	-1.858933266472897	-1.8589331307092432	-1.8589330628274132	-1.8589330288864978	-1.8589330119160403	-1.8589330034308107	-1.8589329991881967	-1.8589329970668891	-1.8589329960062353	-1.8589329954759093	-1.8589329952107456	-1.8589329950781639	-1.8589329950118731	-1.8589329949787272	-1.8589329949621547	-1.8589329949538687	-1.8589329949497251	-1.8589329949476538	-1.858932994946618	-1.858932994945582	-1.8942895112036116	-1.9291985693865625	-1.963686619005901	-1.9977780707018429	-2.0314953573769872	-2.0648594489385985	-2.0978897990427128	-2.0978897990427128	-2.0648594489385985	-2.0314953573769876	-1.9977780707018429	-1.9636866190059004	-1.9291985693865625	-1.8942895112036116	-1.8766689261385068	-1.8678156045979697	-1.8633779895449532	-1.861156418317703	-1.8600449386055591	-1.8594890248261624	-1.8592110244056683	-1.859072013306468	-1.8590025050338472	-1.8589677502166844	-1.8589503726378769	-1.8589416838059163	-1.8589373393792958	-1.8589351671633254	-1.8589340810546753	-1.8589335380001841	-1.858933266472897	-1.8589331307092432	-1.8589330628274132	-1.8589330288864978	-1.8589330119160403	-1.8589330034308107	-1.8589329991881967	-1.8589329970668891	-1.8589329960062353	-1.8589329954759093	-1.8589329952107456
2.6399264565881103e-13	2.6398840160423547e-13	2.6399011142655063e-13	2.6398003489332596e-13	2.6398519198109872e-13	2.6399352434917525e-13	2.6398356175113607e-13	2.6398810761145032e-13	2.6399412687717526e-13	9.4566373401253744e-14	4.261133140100299e-14	1.8313417187457907e-13	3.1375452862232841e-12	3.8628469127082008e-14	4.8175161183827062e-13	6.002558120049881e-12	6.0025508967454331e-12	4.8174507230008372e-13	3.8626677259815738e-14	3.1375418426909701e-12	1.8313334673670197e-13	4.260896467710763e-14	9.4566335580074596e-14	1.6696841778679275e-13	2.1248758697603466e-13	2.3747004150943916e-13	2.5056842201629502e-13	2.572047865842643e-13	2.6074243852637297e-13	2.6242643313410164e-13	2.6317385369901213e-13	2.6362090386124089e-13	2.6379359434110242e-13	2.6391955176374626e-13	2.6398695681686997e-13	2.6398047784663113e-13	2.6398243785845965e-13	2.6398249894644582e-13	2.6401659118750813e-13	2.6403456682760524e-13	2.6400857952989204e-13	2.6400307357269889e-13	2.6400028814794278e-13	2.6402897636471013e-13	2.6399992896487261e-13	2.6399816332779599e-13	2.639883607334482e-13	2.6396123819230527e-13	2.6400610714411659e-13	2.6399913608816384e-13	2.6399264565881103e-13	2.6398840160423547e-13	2.6399011142655063e-13	2.6398003489332596e-13	2.6398519198109872e-13	2.6399352434917525e-13	2.6398356175113607e-13	2.6398810761145032e-13	2.6399412687717526e-13	9.4566373401253744e-14	4.261133140100299e-14	1.8313417187457907e-13	3.1375452862232841e-12	3.8628469127082008e-14	4.8175161183827062e-13	6.002558120049881e-12	6.0025508967454331e-12	4.8174507230008372e-13	3.8626677259815738e-14	3.1375418426909701e-12	1.8313334673670197e-13	4.260896467710763e-14	9.4566335580074596e-14	1.6696841778679275e-13	2.1248758697603466e-13	2.3747004150943916e-13	2.5056842201629502e-13	2.572047865842643e-13	2.6074243852637297e-13	2.6242643313410164e-13	2.6317385369901213e-13	2.6362090386124089e-13	2.6379359434110242e-13	2.6391955176374626e-13	2.6398695681686997e-13	2.6398047784663113e-13	2.6398243785845965e-13	2.6398249894644582e-13	2.6401659118750813e-13	2.6403456682760524e-13	2.6400857952989204e-13	2.6400307357269889e-13	2.6400028814794278e-13	2.6402897636471013e-13	2.6399992896487261e-13	2.6399816332779599e-13	2.639883607334482e-13	2.6396123819230527e-13	2.6400610714411659e-13	2.6399913608816384e-13
0.86830259364341345	0.86830259361298701	0.86830259359777384	0.86830259359016693	0.86830259358636386	0.86830259358446205	0.86830259358351181	0.86830259358303563	0.86830259358256079	0.88448561040748541	0.90037006261663899	0.91596342086439575	0.93127155930008887	0.94629856794284695	0.96104718876854112	0.97551851026124792	0.97551851026124814	0.96104718876854112	0.94629856794284684	0.93127155930008887	0.91596342086439619	0.90037006261663899	0.88448561040748541	0.87643195496863835	0.8723768099310254	0.87034209509541738	0.86932294387531095	0.86881291876470534	0.86855779370162978	0.86843020302648155	0.86836640065091619	0.86833449770337434	0.86831854578963197	0.86831056972276233	0.86830658166182795	0.8683045876244857	0.86830359060409668	0.86830309209347167	0.86830284283805181	0.86830271821031557	0.86830265589644018	0.86830262473950115	0.86830260916103053	0.86830260137179538	0.86830259747717831	0.86830259552986933	0.86830259455621539	0.8683025940693877	0.8683025938259743	0.86830259370426743	0.86830259364341345	0.86830259361298701	0.86830259359777384	0.86830259359016693	0.86830259358636386	0.86830259358446205	0.86830259358351181	0.86830259358303563	0.86830259358256079	0.88448561040748541	0.90037006261663899	0.91596342086439575	0.93127155930008887	0.94629856794284695	0.96104718876854112	0.97551851026124792	0.97551851026124814	0.96104718876854112	0.94629856794284684	0.93127155930008887	0.91596342086439619	0.90037006261663899	0.88448561040748541	0.87643195496863835	0.8723768099310254	0.87034209509541738	0.86932294387531095	0.86881291876470534	0.86855779370162978	0.86843020302648155	0.86836640065091619	0.86833449770337434	0.86831854578963197	0.86831056972276233	0.86830658166182795	0.8683045876244857	0.86830359060409668	0.86830309209347167	0.86830284283805181	0.86830271821031557	0.86830265589644018	0.86830262473950115	0.86830260916103053	0.86830260137179538	0.86830259747717831	0.86830259552986933	0.86830259455621539	0.8683025940693877	0.8683025938259743	0.86830259370426743
-1.8589329950781639	-1.8589329950118731	-1.8589329949787277	-1.8589329949621549	-1.8589329949538691	-1.8589329949497255	-1.8589329949476545	-1.858932994946618	-1.8589329949455826	-1.894289511203612	-1.9291985693865632	-1.963686619005901	-1.9977780707018398	-2.0314953573769881	-2.0648594489385985	-2.0978897990427057	-2.0978897990427057	-2.0648594489385985	-2.0314953573769881	-1.9977780707018398	-1.9636866190059012	-1.9291985693865632	-1.894289511203612	-1.876668926138507	-1.8678156045979701	-1.8633779895449536	-1.8611564183177038	-1.8600449386055598	-1.8594890248261626	-1.8592110244056679	-1.8590720133064675	-1.8590025050338477	-1.8589677502166848	-1.8589503726378778	-1.8589416838059163	-1.8589373393792956	-1.8589351671633263	-1.8589340810546759	-1.8589335380001843	-1.8589332664728975	-1.8589331307092434	-1.8589330628274141	-1.8589330288864983	-1.8589330119160399	-1.8589330034308114	-1.8589329991881967	-1.8589329970668897	-1.858932996006236	-1.8589329954759095	-1.8589329952107456	-1.8589329950781639	-1.8589329950118731	-1.8589329949787277	-1.8589329949621549	-1.8589329949538691	-1.8589329949497255	-1.8589329949476545	-1.858932994946618	-1.8589329949455826	-1.894289511203612	-1.9291985693865632	-1.963686619005901	-1.9977780707018398	-2.0314953573769881	-2.0648594489385985	-2.0978897990427057	-2.0978897990427057	-2.0648594489385985	-2.0314953573769881	-1.9977780707018398	-1.9636866190059012	-1.9291985693865632	-1.894289511203612	-1.876668926138507	-1.8678156045979701	-1.8633779895449536	-1.8611564183177038	-1.8600449386055598	-1.8594890248261626	-1.8592110244056679	-1.8590720133064675	-1.8590025050338477	-1.8589677502166848	-1.8589503726378778	-1.8589416838059163	-1.8589373393792956	-1.8589351671633263	-1.8589340810546759	-1.8589335380001843	-1.8589332664728975	-1.8589331307092434	-1.8589330628274141	-1.8589330288864983	-1.8589330119160399	-1.8589330034308114	-1.8589329991881967	-1.8589329970668897	-1.858932996006236	-1.8589329954759095	-1.8589329952107456
-2.3643511673132182e-13	-2.493252856905709e-13	-2.5622353035843512e-13	-2.5954781644560264e-13	-2.613024694885577e-13	-2.6216168612980796e-13	-2.6255258160938494e-13	-2.6297560597421468e-13	-2.6289372166117919e-13	-2.6292929904198467e-13	-2.6298069156090887e-13	-2.629522665033816e-13	-2.6303423146058144e-13	-2.6296875845471374e-13	-2.6304280136920975e-13	-2.6301668058584559e-13	-2.6276130547275166e-13	-2.6298679688136071e-13	-2.6301482248039378e-13	-2.6299351449129342e-13	-2.6298500650282083e-13	-2.6321301915561049e-13	-2.6301265644956603e-13	-2.6300042200615249e-13	-2.629808821923066e-13	-2.6297919220392138e-13	-2.6298560210401038e-13	-2.629810468417028e-13	-2.6297755157249857e-13	-2.6298269291584479e-13	-2.6298479748782512e-13	-2.6297614277053995e-13	-2.6297752354082103e-13	-2.6303769133733805e-13	-9.3257957311719214e-14	-4.1190961271174227e-14	-1.8193660919161116e-13	-3.1405568231276208e-12	-3.7121654390419318e-14	-4.8076573980059057e-13	-6.0095486506878104e-12	-6.0095375108887164e-12	-4.8077348194627117e-13	-3.711150170995084e-14	-3.1405574842056101e-12	-1.8193564565402279e-13	-4.1190961271174227e-14	-9.325846399706753e-14	-1.6606308931595747e-13	-2.1145756523272625e-13	-2.3643511673132182e-13	-2.493252856905709e-13	-2.5622353035843512e-13	-2.5954781644560264e-13	-2.613024694885577e-13	-2.6216168612980796e-13	-2.6255258160938494e-13	-2.6297560597421468e-13	-2.6289372166117919e-13	-2.6292929904198467e-13	-2.6298069156090887e-13	-2.629522665033816e-13	-2.6303423146058144e-13	-2.6296875845471374e-13	-2.6304280136920975e-13	-2.6301668058584559e-13	-2.6276130547275166e-13	-2.6298679688136071e-13	-2.6301482248039378e-13	-2.6299351449129342e-13	-2.6298500650282083e-13	-2.6321301915561049e-13	-2.6301265644956603e-13	-2.6300042200615249e-13	-2.629808821923066e-13	-2.6297919220392138e-13	-2.6298560210401038e-13	-2.629810468417028e-13	-2.6297755157249857e-13	-2.6298269291584479e-13	-2.6298479748782512e-13	-2.6297614277053995e-13	-2.6297752354082103e-13	-2.6303769133733805e-13	-9.3257957311719214e-14	-4.1190961271174227e-14	-1.8193660919161116e-13	-3.1405568231276208e-12	-3.7121654390419318e-14	-4.8076573980059057e-13	-6.0095486506878104e-12	-6.0095375108887164e-12	-4.8077348194627117e-13	-3.711150170995084e-14	-3.1405574842056101e-12	-1.8193564565402279e-13	-4.1190961271174227e-14	-9.325846399706753e-14	-1.6606308931595747e-13	-2.1145756523272625e-13
0.87034209509541749	0.86932294387531117	0.86881291876470557	0.86855779370162955	0.86843020302648155	0.86836640065091641	0.86833449770337456	0.86831854578963175	0.86831056972276222	0.86830658166182828	0.86830458762448615	0.86830359060409579	0.86830309209347178	0.86830284283805159	0.86830271821031546	0.86830265589644029	0.86830262473950048	0.86830260916103041	0.86830260137179549	0.86830259747717797	0.86830259552986933	0.86830259455621517	0.86830259406938715	0.86830259382597408	0.86830259370426754	0.86830259364341367	0.86830259361298678	0.86830259359777384	0.86830259359016659	0.86830259358636375	0.86830259358446216	0.86830259358351169	0.86830259358303574	0.86830259358256023	0.88448561040748541	0.90037006261663832	0.91596342086439575	0.9312715593000902	0.94629856794284695	0.96104718876854067	0.97551851026125147	0.97551851026125147	0.96104718876854067	0.94629856794284639	0.9312715593000902	0.91596342086439586	0.90037006261663832	0.88448561040748541	0.87643195496863824	0.87237680993102573	0.87034209509541749	0.86932294387531117	0.86881291876470557	0.86855779370162955	0.86843020302648155	0.86836640065091641	0.86833449770337456	0.86831854578963175	0.86831056972276222	0.86830658166182828	0.86830458762448615	0.86830359060409579	0.86830309209347178	0.86830284283805159	0.86830271821031546	0.86830265589644029	0.86830262473950048	0.86830260916103041	0.86830260137179549	0.86830259747717797	0.86830259552986933	0.86830259455621517	0.86830259406938715	0.86830259382597408	0.86830259370426754	0.86830259364341367	0.86830259361298678	0.86830259359777384	0.86830259359016659	0.86830259358636375	0.86830259358446216	0.86830259358351169	0.86830259358303574	0.86830259358256023	0.88448561040748541	0.90037006261663832	0.91596342086439575	0.9312715593000902	0.94629856794284695	0.96104718876854067	0.97551851026125147	0.97551851026125147	0.96104718876854067	0.94629856794284639	0.9312715593000902	0.91596342086439586	0.90037006261663832	0.88448561040748541	0.87643195496863824	0.87237680993102573
-1.8633779895449532	-1.8611564183177036	-1.8600449386055595	-1.8594890248261622	-1.8592110244056677	-1.8590720133064675	-1.8590025050338477	-1.8589677502166846	-1.8589503726378771	-1.8589416838059163	-1.8589373393792961	-1.8589351671633256	-1.8589340810546755	-1.8589335380001841	-1.8589332664728975	-1.8589331307092436	-1.8589330628274132	-1.8589330288864983	-1.8589330119160405	-1.8589330034308107	-1.8589329991881964	-1.8589329970668897	-1.8589329960062353	-1.8589329954759088	-1.8589329952107458	-1.8589329950781641	-1.8589329950118727	-1.8589329949787272	-1.8589329949621547	-1.8589329949538687	-1.8589329949497257	-1.8589329949476541	-1.8589329949466182	-1.8589329949455822	-1.8942895112036118	-1.9291985693865623	-1.963686619005901	-1.9977780707018427	-2.0314953573769876	-2.0648594489385985	-2.0978897990427128	-2.0978897990427128	-2.0648594489385985	-2.0314953573769876	-1.9977780707018427	-1.9636866190059008	-1.9291985693865623	-1.8942895112036118	-1.8766689261385066	-1.8678156045979701	-1.8633779895449532	-1.8611564183177036	-1.8600449386055595	-1.8594890248261622	-1.8592110244056677	-1.8590720133064675	-1.8590025050338477	-1.8589677502166846	-1.8589503726378771	-1.8589416838059163	-1.8589373393792961	-1.8589351671633256	-1.8589340810546755	-1.8589335380001841	-1.8589332664728975	-1.8589331307092436	-1.8589330628274132	-1.8589330288864983	-1.8589330119160405	-1.8589330034308107	-1.8589329991881964	-1.8589329970668897	-1.8589329960062353	-1.8589329954759088	-1.8589329952107458	-1.8589329950781641	-1.8589329950118727	-1.8589329949787272	-1.8589329949621547	-1.8589329949538687	-1.8589329949497257	-1.8589329949476541	-1.8589329949466182	-1.8589329949455822	-1.8942895112036118	-1.9291985693865623	-1.963686619005901	-1.9977780707018427	-2.0314953573769876	-2.0648594489385985	-2.0978897990427128	-2.0978897990427128	-2.0648594489385985	-2.0314953573769876	-1.9977780707018427	-1.9636866190059008	-1.9291985693865623	-1.8942895112036118	-1.8766689261385066	-1.8678156045979701
0	0	0	0	0	0	0	0	0	0	0	0	0	0	0	0	0	0	0	0	0	0	0	0	0	0	0	0	0	0	0	0	0	0	0	0	0	0	0	0	0	0	0	0	0	0	0	0	0	0	0	0	0	0	0	0	0	0	0	0	0	0	0	0	0	0	0	0	0	0	0	0	0	0	0	0	0	0	0	0	0	0	0	0	0	0	0	0	0	0	0	0	0	0	0	0	0	0	0	0
1	1	1	1	1	1	1	1	1	1	1	1	1	1	1	1	1	1	1	1	1	1	1	1	1	1	1	1	1	1	1	1	1	1	1	1	1	1	1	1	1	1	1	1	1	1	1	1	1	1	1	1	1	1	1	1	1	1	1	1	1	1	1	1	1	1	1	1	1	1	1	1	1	1	1	1	1	1	1	1	1	1	1	1	1	1	1	1	1	1	1	1	1	1	1	1	1	1	1	1
-0.59999999999999998	-0.59999999999999998	-0.59999999999999998	-0.59999999999999998	-0.59999999999999998	-0.59999999999999998	-0.59999999999999998	-0.59999999999999998	-0.59999999999999998	-0.59999999999999998	-0.59999999999999998	-0.59999999999999998	-0.59999999999999998	-0.59999999999999998	-0.59999999999999998	-0.59999999999999998	-0.59999999999999998	-0.59999999999999998	-0.59999999999999998	-0.59999999999999998	-0.59999999999999998	-0.59999999999999998	-0.59999999999999998	-0.59999999999999998	-0.59999999999999998	-0.59999999999999998	-0.59999999999999998	-0.59999999999999998	-0.59999999999999998	-0.59999999999999998	-0.59999999999999998	-0.59999999999999998	-0.59999999999999998	-0.59999999999999998	-0.59999999999999998	-0.59999999999999998	-0.59999999999999998	-0.59999999999999998	-0.59999999999999998	-0.59999999999999998	-0.59999999999999998	-0.59999999999999998	-0.59999999999999998	-0.59999999999999998	-0.59999999999999998	-0.59999999999999998	-0.59999999999999998	-0.59999999999999998	-0.59999999999999998	-0.59999999999999998	-0.59999999999999998	-0.59999999999999998	-0.59999999999999998	-0.59999999999999998	-0.59999999999999998	-0.59999999999999998	-0.59999999999999998	-0.59999999999999998	-0.59999999999999998	-0.59999999999999998	-0.59999999999999998	-0.59999999999999998	-0.59999999999999998	-0.59999999999999998	-0.59999999999999998	-0.59999999999999998	-0.59999999999999998	-0.59999999999999998	-0.59999999999999998	-0.59999999999999998	-0.59999999999999998	-0.59999999999999998	-0.59999999999999998	-0.59999999999999998	-0.59999999999999998	-0.59999999999999998	-0.59999999999999998	-0.59999999999999998	-0.59999999999999998	-0.59999999999999998	-0.59999999999999998	-0.59999999999999998	-0.59999999999999998	-0.59999999999999998	-0.59999999999999998	-0.59999999999999998	-0.59999999999999998	-0.59999999999999998	-0.59999999999999998	-0.59999999999999998	-0.59999999999999998	-0.59999999999999998	-0.59999999999999998	-0.59999999999999998	-0.59999999999999998	-0.59999999999999998	-0.59999999999999998	-0.59999999999999998	-0.59999999999999998	-0.59999999999999998
0	0	0	0	0	0	0	0	0	0	0	0	0	0	0	0	0	0	0	0	0	0	0	0	0	0	0	0	0	0	0	0	0	0	0	0	0	0	0	0	0	0	0	0	0	0	0	0	0	0	0	0	0	0	0	0	0	0	0	0	0	0	0	0	0	0	0	0	0	0	0	0	0	0	0	0	0	0	0	0	0	0	0	0	0	0	0	0	0	0	0	0	0	0	0	0	0	0	0	0
1.9043164877801853e-12	9.8634795961786946e-13	5.0891430205204462e-13	2.6147403832810392e-13	1.1813801907855227e-13	6.0027262254556905e-14	3.360696337054919e-14	1.4269115646503357e-14	9.7450824275495832e-15	3.826647010411423e-15	1.7878511282966772e-16	-1.6645685304673831e-16	1.4581054502785053e-15	2.787144809688641e-15	4.5272425983048879e-17	-2.2630607020492106e-15	-4.7656561099725249e-16	1.2177679371855853e-15	1.3590663671975709e-16	-1.3362671434029413e-15	-9.0000438005314125e-16	-1.9052928125352176e-15	6.3660712650907714e-16	2.0547173550249991e-15	-2.9830200193958707e-16	-2.4007328317093702e-16	-8.4309524183618173e-16	1.550375949636405e-16	4.1131883471023084e-16	-2.3248181112724659e-16	9.3905885835235605e-17	-7.1582508027734746e-17	-1.7433191750109402e-16	-8.4710743685162626e-12	-1.1068767991324976e-11	4.4285542296468028e-12	1.5474665721317118e-10	-7.2254081990064876e-12	-1.3278924622053732e-10	2.9819586453883471e-10	2.7603756685173305e-10	-2.7603938904159719e-10	-2.9819410073125754e-10	1.3278899698367753e-10	7.2252115471926077e-12	-1.5474639717110954e-10	-4.4282991587260962e-12	6.2179056097762522e-12	5.895990032719671e-12	3.525002942853223e-12	1.9043164877801853e-12	9.8634795961786946e-13	5.0891430205204462e-13	2.6147403832810392e-13	1.1813801907855227e-13	6.0027262254556905e-14	3.360696337054919e-14	1.4269115646503357e-14	9.7450824275495832e-15	3.826647010411423e-15	1.7878511282966772e-16	-1.6645685304673831e-16	1.4581054502785053e-15	2.787144809688641e-15	4.5272425983048879e-17	-2.2630607020492106e-15	-4.7656561099725249e-16	1.2177679371855853e-15	1.3590663671975709e-16	-1.3362671434029413e-15	-9.0000438005314125e-16	-1.9052928125352176e-15	6.3660712650907714e-16	2.0547173550249991e-15	-2.9830200193958707e-16	-2.4007328317093702e-16	-8.4309524183618173e-16	1.550375949636405e-16	4.1131883471023084e-16	-2.3248181112724659e-16	9.3905885835235605e-17	-7.1582508027734746e-17	-1.7433191750109402e-16	-8.4710743685162626e-12	-1.1068767991324976e-11	4.4285542296468028e-12	1.5474665721317118e-10	-7.2254081990064876e-12	-1.3278924622053732e-10	2.9819586453883471e-10	2.7603756685173305e-10	-2.7603938904159719e-10	-2.9819410073125754e-10	1.3278899698367753e-10	7.2252115471926077e-12	-1.5474639717110954e-10	-4.4282991587260962e-12	6.2179056097762522e-12	5.895990032719671e-12	3.525002942853223e-12
-0.15269330278573912	-0.076458816535601715	-0.03825750868406419	-0.019135786911184116	-0.0095696525356403495	-0.0047852661553882125	-0.0023927430642556313	-0.0011963990305952077	-0.00059820639016217036	-0.00029910491380347182	-0.00014955288660245536	-7.477655074028533e-05	-3.7388302220886516e-05	-1.8694157810639211e-05	-9.3470805762052578e-06	-4.6735407266407236e-06	-2.3367704993226823e-06	-1.1683852607635714e-06	-5.8419261095288277e-07	-2.9209632490534432e-07	-1.4604815690155704e-07	-7.3024075675220956e-08	-3.6512054490955848e-08	-1.8256013367690116e-08	-9.1279983571723733e-09	-4.564015831931556e-09	-2.2819912626204086e-09	-1.1410150602131353e-09	-5.7052140789437544e-10	-2.8522739725644897e-10	-1.4261924974334761e-10	-7.1326278217043182e-11	-4.7545301029572329e-11	0.80915084122249459	1.6033734517038989	1.5738905228455113	1.5450748341725051	1.5167573539225432	1.4887814734226013	1.4609971159200486	0.72356607463535116	-0.72356607463535116	-1.4609971159200652	-1.4887814734226013	-1.5167573539225154	-1.5450748341725051	-1.5738905228455224	-1.1969053824000042	-0.60544002382299511	-0.30449299366102633	-0.15269330278573912	-0.076458816535601715	-0.03825750868406419	-0.019135786911184116	-0.0095696525356403495	-0.0047852661553882125	-0.0023927430642556313	-0.0011963990305952077	-0.00059820639016217036	-0.00029910491380347182	-0.00014955288660245536	-7.477655074028533e-05	-3.7388302220886516e-05	-1.8694157810639211e-05	-9.3470805762052578e-06	-4.6735407266407236e-06	-2.3367704993226823e-06	-1.1683852607635714e-06	-5.8419261095288277e-07	-2.9209632490534432e-07	-1.4604815690155704e-07	-7.3024075675220956e-08	-3.6512054490955848e-08	-1.8256013367690116e-08	-9.1279983571723733e-09	-4.564015831931556e-09	-2.2819912626204086e-09	-1.1410150602131353e-09	-5.7052140789437544e-10	-2.8522739725644897e-10	-1.4261924974334761e-10	-7.1326278217043182e-11	-4.7545301029572329e-11	0.80915084122249459	1.6033734517038989	1.5738905228455113	1.5450748341725051	1.5167573539225432	1.4887814734226013	1.4609971159200486	0.72356607463535116	-0.72356607463535116	-1.4609971159200652	-1.4887814734226013	-1.5167573539225154	-1.5450748341725051	-1.5738905228455224	-1.1969053824000042	-0.60544002382299511	-0.30449299366102633
0.33295931401332579	0.16665254696969223	0.083369674577071784	0.041695709994593599	0.020850575984721065	0.010425968591032397	0.0052131544891587112	0.0026066197985064044	0.0013033205384038737	0.00065166292906315704	0.00032583212952186358	0.00016291623103903419	8.1458157086267136e-05	4.0729088890412157e-05	2.0364547026474611e-05	1.018227419047335e-05	5.0911372784234743e-06	2.5455686558650825e-06	1.2727843445858866e-06	6.3639220559963405e-07	3.1819609169758678e-07	1.5909804584879339e-07	7.9549034026626941e-08	3.9774494808852978e-08	1.9887236302196243e-08	9.9436348044434908e-09	4.9718229533368685e-09	2.4859114766684343e-09	1.2429390849888478e-09	6.2144733803393137e-10	3.1075142459258132e-10	1.5538681452653691e-10	1.0357270596728085e-10	-1.7678258128496882	-3.5132787220490291	-3.4698553901144624	-3.4289750657638285	-3.3904369185543293	-3.3540689118379485	-3.3197220832859031	-1.6515175052053577	1.6515175052053577	3.3197220832859031	3.3540689118379485	3.3904369185543293	3.4289750657638285	3.4698553901144624	2.626482162402799	1.323695330282082	0.6645468296776591	0.33295931401332579	0.16665254696969223	0.083369674577071784	0.041695709994593599	0.020850575984721065	0.010425968591032397	0.0052131544891587112	0.0026066197985064044	0.0013033205384038737	0.00065166292906315704	0.00032583212952186358	0.00016291623103903419	8.1458157086267136e-05	4.0729088890412157e-05	2.0364547026474611e-05	1.018227419047335e-05	5.0911372784234743e-06	2.5455686558650825e-06	1.2727843445858866e-06	6.3639220559963405e-07	3.1819609169758678e-07	1.5909804584879339e-07	7.9549034026626941e-08	3.9774494808852978e-08	1.9887236302196243e-08	9.9436348044434908e-09	4.9718229533368685e-09	2.4859114766684343e-09	1.2429390849888478e-09	6.2144733803393137e-10	3.1075142459258132e-10	1.5538681452653691e-10	1.0357270596728085e-10	-1.7678258128496882	-3.5132787220490291	-3.4698553901144624	-3.4289750657638285	-3.3904369185543293	-3.3540689118379485	-3.3197220832859031	-1.6515175052053577	1.6515175052053577	3.3197220832859031	3.3540689118379485	3.3904369185543293	3.4289750657638285	3.4698553901144624	2.626482162402799	1.323695330282082	0.6645468296776591
2.7176993305282553e-16	3.6176491412178925e-16	-2.4869273779828685e-16	1.3517231617825109e-16	1.5944432988365257e-16	-8.1491314925265121e-17	8.7005342247574231e-17	-4.6626534862964964e-17	8.4858923915663848e-12	1.1089423594290335e-11	-4.4339545826918979e-12	-1.5496817815586554e-10	7.2409548698572906e-12	1.3298952857341696e-10	-2.9862100342310349e-10	-2.7643909524627641e-10	2.7643886323510133e-10	2.986213640483397e-10	-1.3298953588701707e-10	-7.2410129306227713e-12	1.5496827220608599e-10	4.4338840289490442e-12	-6.2437140106710509e-12	-5.9096939079698754e-12	-3.5184428650673167e-12	-1.8937004737396455e-12	-9.8981182049248448e-13	-5.1082699587441008e-13	-2.5395122330793869e-13	-1.3069076680175415e-13	-6.2312903516498287e-14	-4.1247821560627853e-14	-1.6445777532611739e-14	2.3756954949915982e-15	-5.2138134681594869e-15	-7.5905112475595579e-16	-2.2195682123555412e-15	-1.2044770485497368e-15	-8.0850184551569345e-16	-2.0436515809444484e-15	1.4374690432238089e-14	1.3221823953160588e-15	-1.2783031244982597e-14	-4.1307606618426552e-16	1.5234807820649451e-15	-1.0698948680943933e-14	-1.5247628616080837e-15	1.1005510559513654e-14	1.5717703402849932e-15	2.9305038603438304e-16	2.7176993305282553e-16	3.6176491412178925e-16	-2.4869273779828685e-16	1.3517231617825109e-16	1.5944432988365257e-16	-8.1491314925265121e-17	8.7005342247574231e-17	-4.6626534862964964e-17	8.4858923915663848e-12	1.1089423594290335e-11	-4.4339545826918979e-12	-1.5496817815586554e-10	7.2409548698572906e-12	1.3298952857341696e-10	-2.9862100342310349e-10	-2.7643909524627641e-10	2.7643886323510133e-10	2.986213640483397e-10	-1.3298953588701707e-10	-7.2410129306227713e-12	1.5496827220608599e-10	4.4338840289490442e-12	-6.2437140106710509e-12	-5.9096939079698754e-12	-3.5184428650673167e-12	-1.8937004737396455e-12	-9.8981182049248448e-13	-5.1082699587441008e-13	-2.5395122330793869e-13	-1.3069076680175415e-13	-6.2312903516498287e-14	-4.1247821560627853e-14	-1.6445777532611739e-14	2.3756954949915982e-15	-5.2138134681594869e-15	-7.5905112475595579e-16	-2.2195682123555412e-15	-1.2044770485497368e-15	-8.0850184551569345e-16	-2.0436515809444484e-15	1.4374690432238089e-14	1.3221823953160588e-15	-1.2783031244982597e-14	-4.1307606618426552e-16	1.5234807820649451e-15	-1.0698948680943933e-14	-1.5247628616080837e-15	1.1005510559513654e-14	1.5717703402849932e-15	2.9305038603438304e-16
-4.564015831931556e-09	-2.2819968137355318e-09	-1.1409984068677659e-09	-5.7049920343388294e-10	-2.8524960171694147e-10	-1.4261924974334761e-10	-7.1309624871673805e-11	-4.7561954374941706e-11	0.80915084122247793	1.6033734517038989	1.5738905228455169	1.5450748341725939	1.5167573539225432	1.4887814734225346	1.4609971159202206	0.72356607463551215	-0.72356607463551215	-1.4609971159202373	-1.4887814734225346	-1.5167573539225432	-1.5450748341725939	-1.5738905228455002	-1.1969053823999931	-0.60544002382299511	-0.30449299366104299	-0.15269330278573356	-0.076458816535607266	-0.038257508684041985	-0.019135786911173014	-0.0095696525356792073	-0.0047852661553882125	-0.0023927430642334269	-0.0011963990306007588	-0.00059820639018437483	-0.0002991049137979207	-0.00014955288660245536	-7.4776550745836445e-05	-3.7388302209784285e-05	-1.8694157799536981e-05	-9.3470805762052578e-06	-4.6735407155384934e-06	-2.3367704882204521e-06	-1.1683852607635714e-06	-5.8419262205511302e-07	-2.9209630825199895e-07	-1.4604815690155704e-07	-7.3024108981911695e-08	-3.6512037837610478e-08	-1.825600226545987e-08	-9.1280205616328658e-09	-4.564015831931556e-09	-2.2819968137355318e-09	-1.1409984068677659e-09	-5.7049920343388294e-10	-2.8524960171694147e-10	-1.4261924974334761e-10	-7.1309624871673805e-11	-4.7561954374941706e-11	0.80915084122247793	1.6033734517038989	1.5738905228455169	1.5450748341725939	1.5167573539225432	1.4887814734225346	1.4609971159202206	0.72356607463551215	-0.72356607463551215	-1.4609971159202373	-1.4887814734225346	-1.5167573539225432	-1.5450748341725939	-1.5738905228455002	-1.1969053823999931	-0.60544002382299511	-0.30449299366104299	-0.15269330278573356	-0.076458816535607266	-0.038257508684041985	-0.019135786911173014	-0.0095696525356792073	-0.0047852661553882125	-0.0023927430642334269	-0.0011963990306007588	-0.00059820639018437483	-0.0002991049137979207	-0.00014955288660245536	-7.4776550745836445e-05	-3.7388302209784285e-05	-1.8694157799536981e-05	-9.3470805762052578e-06	-4.6735407155384934e-06	-2.3367704882204521e-06	-1.1683852607635714e-06	-5.8419262205511302e-07	-2.9209630825199895e-07	-1.4604815690155704e-07	-7.3024108981911695e-08	-3.6512037837610478e-08	-1.825600226545987e-08	-9.1280205616328658e-09
9.9436237022132445e-09	4.9718340555671148e-09	2.4859225788986805e-09	1.2429279827586015e-09	6.2148064472467013e-10	3.1074032236233506e-10	1.5535350783579815e-10	1.0359491042777336e-10	-1.7678258128496771	-3.5132787220490291	-3.4698553901144735	-3.4289750657640172	-3.3904369185543071	-3.354068911837782	-3.3197220832862806	-1.6515175052057129	1.6515175052057129	3.3197220832862584	3.354068911837782	3.3904369185543626	3.4289750657640172	3.4698553901144402	2.6264821624027879	1.3236953302820931	0.66454682967768131	0.33295931401333689	0.16665254696970333	0.083369674577027375	0.041695709994538088	0.020850575984721065	0.010425968591054602	0.0052131544891809156	0.0026066197985175066	0.0013033205384038737	0.00065166292905205481	0.00032583212954406804	0.00016291623102793196	8.1458157064062675e-05	4.0729088912616618e-05	2.0364547048679071e-05	1.018227419047335e-05	5.0911372673212441e-06	2.5455686447628523e-06	1.2727843556881169e-06	6.3639218339517356e-07	3.1819608059535653e-07	1.5909806805325388e-07	7.9548989617705956e-08	3.9774483706622732e-08	1.9887269608886982e-08	9.9436237022132445e-09	4.9718340555671148e-09	2.4859225788986805e-09	1.2429279827586015e-09	6.2148064472467013e-10	3.1074032236233506e-10	1.5535350783579815e-10	1.0359491042777336e-10	-1.7678258128496771	-3.5132787220490291	-3.4698553901144735	-3.4289750657640172	-3.3904369185543071	-3.354068911837782	-3.3197220832862806	-1.6515175052057129	1.6515175052057129	3.3197220832862584	3.354068911837782	3.3904369185543626	3.4289750657640172	3.4698553901144402	2.6264821624027879	1.3236953302820931	0.66454682967768131	0.33295931401333689	0.16665254696970333	0.083369674577027375	0.041695709994538088	0.020850575984721065	0.010425968591054602	0.0052131544891809156	0.0026066197985175066	0.0013033205384038737	0.00065166292905205481	0.00032583212954406804	0.00016291623102793196	8.1458157064062675e-05	4.0729088912616618e-05	2.0364547048679071e-05	1.018227419047335e-05	5.0911372673212441e-06	2.5455686447628523e-06	1.2727843556881169e-06	6.3639218339517356e-07	3.1819608059535653e-07	1.5909806805325388e-07	7.9548989617705956e-08	3.9774483706622732e-08	1.9887269608886982e-08
-5.3672419641871645e-16	-1.2671161302008667e-16	-4.1833554547516763e-16	-2.4597227259551007e-16	6.7447279246415809e-16	-8.1511498132211415e-17	-2.7083688624656278e-16	5.2825630195910165e-16	-8.4710867105098286e-12	-1.1069139773808613e-11	4.4283899236662664e-12	1.5474669774111405e-10	-7.2252851373748532e-12	-1.3278968371925067e-10	2.9819648254613994e-10	2.7603996424535812e-10	-2.7604065238748986e-10	-2.9819621097428087e-10	1.3278983851954432e-10	7.2253334738443114e-12	-1.5474664390069313e-10	-4.4283505578313685e-12	6.2179726554842559e-12	5.896062569798003e-12	3.5250811861323207e-12	1.9040417520130182e-12	9.8673725374125705e-13	5.087008255038973e-13	2.6108232749186672e-13	1.2157075863195835e-13	5.9723536356962505e-14	3.0987032104514484e-14	1.4932395125268736e-14	9.6681237883775308e-15	3.0463041442434878e-15	-2.2594792051597817e-16	1.0105499073462063e-16	1.7076664524239253e-15	2.6033940579710442e-15	-4.0058288080435982e-16	-1.5746627453178468e-15	-4.1456909746312047e-16	1.2951396005621826e-15	-1.7959153508625479e-17	-1.5406518457073092e-15	-5.7841157122064193e-16	-1.8462567745360038e-15	8.873205334194512e-16	1.8948947929288475e-15	-6.7307426527781761e-16	-5.3672419641871645e-16	-1.2671161302008667e-16	-4.1833554547516763e-16	-2.4597227259551007e-16	6.7447279246415809e-16	-8.1511498132211415e-17	-2.7083688624656278e-16	5.2825630195910165e-16	-8.4710867105098286e-12	-1.1069139773808613e-11	4.4283899236662664e-12	1.5474669774111405e-10	-7.2252851373748532e-12	-1.3278968371925067e-10	2.9819648254613994e-10	2.7603996424535812e-10	-2.7604065238748986e-10	-2.9819621097428087e-10	1.3278983851954432e-10	7.2253334738443114e-12	-1.5474664390069313e-10	-4.4283505578313685e-12	6.2179726554842559e-12	5.896062569798003e-12	3.5250811861323207e-12	1.9040417520130182e-12	9.8673725374125705e-13	5.087008255038973e-13	2.6108232749186672e-13	1.2157075863195835e-13	5.9723536356962505e-14	3.0987032104514484e-14	1.4932395125268736e-14	9.6681237883775308e-15	3.0463041442434878e-15	-2.2594792051597817e-16	1.0105499073462063e-16	1.7076664524239253e-15	2.6033940579710442e-15	-4.0058288080435982e-16	-1.5746627453178468e-15	-4.1456909746312047e-16	1.2951396005621826e-15	-1.7959153508625479e-17	-1.5406518457073092e-15	-5.7841157122064193e-16	-1.8462567745360038e-15	8.873205334194512e-16	1.8948947929288475e-15	-6.7307426527781761e-16
-4.5640213830466791e-09	-2.2819801603901624e-09	-1.141003957982889e-09	-5.7049920343388294e-10	-2.8524405060181834e-10	-1.4260259639797823e-10	-7.1320727101920056e-11	-4.7550852144695455e-11	0.80915084122248904	1.60337345170391	1.5738905228455169	1.545074834172494	1.5167573539225598	1.4887814734226124	1.4609971159200486	0.72356607463535116	-0.72356607463534006	-1.4609971159200652	-1.4887814734226124	-1.5167573539225321	-1.545074834172494	-1.5738905228455391	-1.196905382400032	-0.60544002382300066	-0.30449299366104854	-0.15269330278572246	-0.076458816535601715	-0.038257508684058639	-0.019135786911189667	-0.0095696525356792073	-0.004785266155360457	-0.0023927430642112224	-0.0011963990306007588	-0.00059820639020102817	-0.00029910491383122739	-0.00014955288656359755	-7.4776550701427524e-05	-3.7388302243090976e-05	-1.8694157805088096e-05	-9.3470805817563729e-06	-4.6735407210896085e-06	-2.336770482669337e-06	-1.168385288519147e-06	-5.8419261095288277e-07	-2.9209630270088383e-07	-1.4604814579932679e-07	-7.3024081226336079e-08	-3.6512054490955848e-08	-1.8256013367690116e-08	-9.1280427660933583e-09	-4.5640213830466791e-09	-2.2819801603901624e-09	-1.141003957982889e-09	-5.7049920343388294e-10	-2.8524405060181834e-10	-1.4260259639797823e-10	-7.1320727101920056e-11	-4.7550852144695455e-11	0.80915084122248904	1.60337345170391	1.5738905228455169	1.545074834172494	1.5167573539225598	1.4887814734226124	1.4609971159200486	0.72356607463535116	-0.72356607463534006	-1.4609971159200652	-1.4887814734226124	-1.5167573539225321	-1.545074834172494	-1.5738905228455391	-1.196905382400032	-0.60544002382300066	-0.30449299366104854	-0.15269330278572246	-0.076458816535601715	-0.038257508684058639	-0.019135786911189667	-0.0095696525356792073	-0.004785266155360457	-0.0023927430642112224	-0.0011963990306007588	-0.00059820639020102817	-0.00029910491383122739	-0.00014955288656359755	-7.4776550701427524e-05	-3.7388302243090976e-05	-1.8694157805088096e-05	-9.3470805817563729e-06	-4.6735407210896085e-06	-2.336770482669337e-06	-1.168385288519147e-06	-5.8419261095288277e-07	-2.9209630270088383e-07	-1.4604814579932679e-07	-7.3024081226336079e-08	-3.6512054490955848e-08	-1.8256013367690116e-08	-9.1280427660933583e-09
9.9436237022132445e-09	4.9718118511066223e-09	2.4859114766684343e-09	1.2429279827586015e-09	6.2146954249442388e-10	3.1072922013208881e-10	1.5537571229629066e-10	1.0359491042777336e-10	-1.7678258128496993	-3.5132787220490291	-3.4698553901144513	-3.4289750657638285	-3.3904369185543515	-3.3540689118379374	-3.3197220832858809	-1.6515175052053577	1.6515175052053577	3.3197220832858809	3.3540689118379374	3.3904369185543404	3.4289750657638285	3.4698553901144624	2.6264821624028101	1.3236953302820931	0.6645468296776702	0.33295931401331469	0.16665254696969223	0.083369674577060682	0.041695709994593599	0.020850575984754371	0.010425968591010193	0.0052131544891365067	0.0026066197984953021	0.0013033205384260782	0.00065166292910756596	0.00032583212949965912	0.00016291623098352304	8.1458157097369366e-05	4.0729088923718848e-05	2.0364547048679071e-05	1.018227416826889e-05	5.0911372562190138e-06	2.5455687113762338e-06	1.2727843445858866e-06	6.3639216119071307e-07	3.1819608059535653e-07	1.5909803474656314e-07	7.9549011822166449e-08	3.9774517013313471e-08	1.9887280711117228e-08	9.9436237022132445e-09	4.9718118511066223e-09	2.4859114766684343e-09	1.2429279827586015e-09	6.2146954249442388e-10	3.1072922013208881e-10	1.5537571229629066e-10	1.0359491042777336e-10	-1.7678258128496993	-3.5132787220490291	-3.4698553901144513	-3.4289750657638285	-3.3904369185543515	-3.3540689118379374	-3.3197220832858809	-1.6515175052053577	1.6515175052053577	3.3197220832858809	3.3540689118379374	3.3904369185543404	3.4289750657638285	3.4698553901144624	2.6264821624028101	1.3236953302820931	0.6645468296776702	0.33295931401331469	0.16665254696969223	0.083369674577060682	0.041695709994593599	0.020850575984754371	0.010425968591010193	0.0052131544891365067	0.0026066197984953021	0.0013033205384260782	0.00065166292910756596	0.00032583212949965912	0.00016291623098352304	8.1458157097369366e-05	4.0729088923718848e-05	2.0364547048679071e-05	1.018227416826889e-05	5.0911372562190138e-06	2.5455687113762338e-06	1.2727843445858866e-06	6.3639216119071307e-07	3.1819608059535653e-07	1.5909803474656314e-07	7.9549011822166449e-08	3.9774517013313471e-08	1.9887280711117228e-08
-1.8933860228922323e-12	-9.8942068135566528e-13	-5.1112653775158699e-13	-2.5394695650612893e-13	-1.3069348421026607e-13	-6.2505606041361857e-14	-4.0695992220335776e-14	-1.7057002589712883e-14	2.3153466115003376e-15	-4.3484949864837721e-15	-1.1483730698464605e-15	-2.6769949836286363e-15	-8.2459756660692039e-16	-4.2849543141541111e-16	-2.396106556592438e-15	1.4074794822904449e-14	1.4941852242437964e-15	-1.2675850382106077e-14	-3.3588049663538375e-16	1.4907988786479144e-15	-1.0975233215853587e-14	-1.3824973372603409e-15	1.0629857472900146e-14	1.5887128629713969e-15	1.0614901115554529e-15	-2.3599558518896206e-16	-9.2731889071354407e-17	4.0252657559057015e-16	-8.2303707099429349e-17	-3.622957663271831e-16	3.275072652420574e-16	3.636973502043809e-16	-3.0774283399050498e-15	8.4859783114550907e-12	1.1092336503308191e-11	-4.4339325939945974e-12	-1.5496829309282233e-10	7.2407477400595922e-12	1.3298955416635151e-10	-2.9862134981486955e-10	-2.7643858855440629e-10	2.7643875843707696e-10	2.9862130045893826e-10	-1.3298920011296695e-10	-7.2412071972035976e-12	1.5496832614672179e-10	4.4338590828477631e-12	-6.243606402239162e-12	-5.9099550617829362e-12	-3.5186013707682175e-12	-1.8933860228922323e-12	-9.8942068135566528e-13	-5.1112653775158699e-13	-2.5394695650612893e-13	-1.3069348421026607e-13	-6.2505606041361857e-14	-4.0695992220335776e-14	-1.7057002589712883e-14	2.3153466115003376e-15	-4.3484949864837721e-15	-1.1483730698464605e-15	-2.6769949836286363e-15	-8.2459756660692039e-16	-4.2849543141541111e-16	-2.396106556592438e-15	1.4074794822904449e-14	1.4941852242437964e-15	-1.2675850382106077e-14	-3.3588049663538375e-16	1.4907988786479144e-15	-1.0975233215853587e-14	-1.3824973372603409e-15	1.0629857472900146e-14	1.5887128629713969e-15	1.0614901115554529e-15	-2.3599558518896206e-16	-9.2731889071354407e-17	4.0252657559057015e-16	-8.2303707099429349e-17	-3.622957663271831e-16	3.275072652420574e-16	3.636973502043809e-16	-3.0774283399050498e-15	8.4859783114550907e-12	1.1092336503308191e-11	-4.4339325939945974e-12	-1.5496829309282233e-10	7.2407477400595922e-12	1.3298955416635151e-10	-2.9862134981486955e-10	-2.7643858855440629e-10	2.7643875843707696e-10	2.9862130045893826e-10	-1.3298920011296695e-10	-7.2412071972035976e-12	1.5496832614672179e-10	4.4338590828477631e-12	-6.243606402239162e-12	-5.9099550617829362e-12	-3.5186013707682175e-12
-0.15269330278572801	-0.076458816535596164	-0.038257508684080843	-0.019135786911200769	-0.0095696525356570028	-0.0047852661553493547	-0.0023927430642334269	-0.0011963990306174122	-0.0005982063901732726	-0.00029910491380347182	-0.00014955288662465982	-7.477655071808087e-05	-3.7388302209784285e-05	-1.8694157816190327e-05	-9.3470805651030275e-06	-4.6735407488451841e-06	-2.3367704937715672e-06	-1.1683852496613412e-06	-5.8419262205511302e-07	-2.9209630825199895e-07	-1.4604814024821167e-07	-7.3024108981911695e-08	-3.6512054490955848e-08	-1.8255980060999377e-08	-9.1280205616328658e-09	-4.5640380363920485e-09	-2.2819912626204086e-09	-1.1410095090980121e-09	-5.7050475454900607e-10	-2.8522184614132584e-10	-1.4260259639797823e-10	-7.1320727101920056e-11	-4.7573056605187958e-11	0.80915084122248349	1.6033734517039044	1.5738905228455169	1.5450748341725939	1.5167573539225598	1.4887814734225235	1.4609971159202262	0.7235660746355399	-0.7235660746355399	-1.4609971159202539	-1.4887814734225235	-1.5167573539225265	-1.5450748341725939	-1.5738905228455224	-1.1969053824000042	-0.60544002382298401	-0.30449299366103744	-0.15269330278572801	-0.076458816535596164	-0.038257508684080843	-0.019135786911200769	-0.0095696525356570028	-0.0047852661553493547	-0.0023927430642334269	-0.0011963990306174122	-0.0005982063901732726	-0.00029910491380347182	-0.00014955288662465982	-7.477655071808087e-05	-3.7388302209784285e-05	-1.8694157816190327e-05	-9.3470805651030275e-06	-4.6735407488451841e-06	-2.3367704937715672e-06	-1.1683852496613412e-06	-5.8419262205511302e-07	-2.9209630825199895e-07	-1.4604814024821167e-07	-7.3024108981911695e-08	-3.6512054490955848e-08	-1.8255980060999377e-08	-9.1280205616328658e-09	-4.5640380363920485e-09	-2.2819912626204086e-09	-1.1410095090980121e-09	-5.7050475454900607e-10	-2.8522184614132584e-10	-1.4260259639797823e-10	-7.1320727101920056e-11	-4.7573056605187958e-11	0.80915084122248349	1.6033734517039044	1.5738905228455169	1.5450748341725939	1.5167573539225598	1.4887814734225235	1.4609971159202262	0.7235660746355399	-0.7235660746355399	-1.4609971159202539	-1.4887814734225235	-1.5167573539225265	-1.5450748341725939	-1.5738905228455224	-1.1969053824000042	-0.60544002382298401	-0.30449299366103744
0.33295931401332579	0.16665254696968113	0.083369674577071784	0.041695709994593599	0.020850575984732167	0.010425968590999091	0.0052131544891476089	0.0026066197985286088	0.001303320538414976	0.00065166292905205481	0.00032583212953296581	0.00016291623102793196	8.1458157075164905e-05	4.0729088901514388e-05	2.0364547026474611e-05	1.0182274212677811e-05	5.0911372673212441e-06	2.545568633660622e-06	1.2727843778925774e-06	6.3639220559963405e-07	3.181960472886658e-07	1.5909805695102364e-07	7.9549045128857188e-08	3.9774472604392486e-08	1.9887236302196243e-08	9.9436570089039833e-09	4.971845157797361e-09	2.485900374438188e-09	1.2429279827586015e-09	6.2144733803393137e-10	3.1072922013208881e-10	1.5537571229629066e-10	1.0359491042777336e-10	-1.7678258128496771	-3.5132787220490069	-3.4698553901144624	-3.4289750657640172	-3.3904369185543293	-3.3540689118377931	-3.3197220832862584	-1.6515175052057129	1.6515175052057129	3.3197220832862584	3.3540689118377931	3.3904369185543404	3.4289750657640172	3.4698553901144513	2.6264821624027879	1.323695330282082	0.6645468296776702	0.33295931401332579	0.16665254696968113	0.083369674577071784	0.041695709994593599	0.020850575984732167	0.010425968590999091	0.0052131544891476089	0.0026066197985286088	0.001303320538414976	0.00065166292905205481	0.00032583212953296581	0.00016291623102793196	8.1458157075164905e-05	4.0729088901514388e-05	2.0364547026474611e-05	1.0182274212677811e-05	5.0911372673212441e-06	2.545568633660622e-06	1.2727843778925774e-06	6.3639220559963405e-07	3.181960472886658e-07	1.5909805695102364e-07	7.9549045128857188e-08	3.9774472604392486e-08	1.9887236302196243e-08	9.9436570089039833e-09	4.971845157797361e-09	2.485900374438188e-09	1.2429279827586015e-09	6.2144733803393137e-10	3.1072922013208881e-10	1.5537571229629066e-10	1.0359491042777336e-10	-1.7678258128496771	-3.5132787220490069	-3.4698553901144624	-3.4289750657640172	-3.3904369185543293	-3.3540689118377931	-3.3197220832862584	-1.6515175052057129	1.6515175052057129	3.3197220832862584	3.3540689118377931	3.3904369185543404	3.4289750657640172	3.4698553901144513	2.6264821624027879	1.323695330282082	0.6645468296776702
0	0	0	0	0	0	0	0	0	0	0	0	0	0	0	0	0	0	0	0	0	0	0	0	0	0	0	0	0	0	0	0	0	0	0	0	0	0	0	0	0	0	0	0	0	0	0	0	0	0	0	0	0	0	0	0	0	0	0	0	0	0	0	0	0	0	0	0	0	0	0	0	0	0	0	0	0	0	0	0	0	0	0	0	0	0	0	0	0	0	0	0	0	0	0	0	0	0	0	0
0	0	0	0	0	0	0	0	0	0	0	0	0	0	0	0	0	0	0	0	0	0	0	0	0	0	0	0	0	0	0	0	0	0	0	0	0	0	0	0	0	0	0	0	0	0	0	0	0	0	0	0	0	0	0	0	0	0	0	0	0	0	0	0	0	0	0	0	0	0	0	0	0	0	0	0	0	0	0	0	0	0	0	0	0	0	0	0	0	0	0	0	0	0	0	0	0	0	0	0
0	0	0	0	0	0	0	0	0	0	0	0	0	0	0	0	0	0	0	0	0	0	0	0	0	0	0	0	0	0	0	0	0	0	0	0	0	0	0	0	0	0	0	0	0	0	0	0	0	0	0	0	0	0	0	0	0	0	0	0	0	0	0	0	0	0	0	0	0	0	0	0	0	0	0	0	0	0	0	0	0	0	0	0	0	0	0	0	0	0	0	0	0	0	0	0	0	0	0	0
0	0	0	0	0	0	0	0	0	0	0	0	0	0	0	0	0	0	0	0	0	0	0	0	0	0	0	0	0	0	0	0	0	0	0	0	0	0	0	0	0	0	0	0	0	0	0	0	0	0	0	0	0	0	0	0	0	0	0	0	0	0	0	0	0	0	0	0	0	0	0	0	0	0	0	0	0	0	0	0	0	0	0	0	0	0	0	0	0	0	0	0	0	0	0	0	0	0	0	0
