# Go2-ARX kinematically transferred gait; foot x/y centered on the Go2 keyframe, stance grounded, base height=0.18m, and swing height=0.025m; source Go2-FK height=0.0930604m; max IK residual=2.12249e-08m; rows: 12 leg q, 6 arm q, 12 leg dq, 6 arm dq
1.7274945051428267e-10	1.9182888640245045e-10	2.0181211084626226e-10	2.0691606940926402e-10	2.0949628884444685e-10	2.1079301646246705e-10	2.1144331359925465e-10	2.1176896611056051e-10	2.1193191911439229e-10	2.120134128427266e-10	2.1205419440304079e-10	2.1207459392573099e-10	2.1208459333627535e-10	2.1208993327581114e-10	2.1209230442968799e-10	2.1209357808378572e-10	2.120943620755184e-10	2.120946036659843e-10	2.1209483974818502e-10	2.1209487736050768e-10	2.1209496384955961e-10	2.1209488989012343e-10	2.1209483718279684e-10	2.1209497816967729e-10	2.1209484599827239e-10	2.1209489649618964e-10	2.1209488705997129e-10	2.1209489172736437e-10	2.1209488578591462e-10	2.1209485215024291e-10	2.1209488264465323e-10	2.1209483396171252e-10	2.1209487899675365e-10	2.120948487417724e-10	1.5453902742186848e-11	8.1764534225136879e-11	2.2440025532612192e-10	2.5428921145288769e-11	1.289495455729727e-10	4.5450074716581976e-12	7.6028864833582019e-11	7.6028865699640121e-11	4.5450184815173503e-12	1.2894953699447117e-10	2.5428911243594384e-11	2.2440040615640865e-10	8.1764481209228905e-11	1.5453949777760972e-11	8.1688628660179013e-11	1.3804204891608765e-10	1.7274945051428267e-10	1.9182888640245045e-10	2.0181211084626226e-10	2.0691606940926402e-10	2.0949628884444685e-10	2.1079301646246705e-10	2.1144331359925465e-10	2.1176896611056051e-10	2.1193191911439229e-10	2.120134128427266e-10	2.1205419440304079e-10	2.1207459392573099e-10	2.1208459333627535e-10	2.1208993327581114e-10	2.1209230442968799e-10	2.1209357808378572e-10	2.120943620755184e-10	2.120946036659843e-10	2.1209483974818502e-10	2.1209487736050768e-10	2.1209496384955961e-10	2.1209488989012343e-10	2.1209483718279684e-10	2.1209497816967729e-10	2.1209484599827239e-10	2.1209489649618964e-10	2.1209488705997129e-10	2.1209489172736437e-10	2.1209488578591462e-10	2.1209485215024291e-10	2.1209488264465323e-10	2.1209483396171252e-10	2.1209487899675365e-10	2.120948487417724e-10	1.5453902742186848e-11	8.1764534225136879e-11	2.2440025532612192e-10	2.5428921145288769e-11	1.289495455729727e-10	4.5450074716581976e-12	7.6028864833582019e-11	7.6028865699640121e-11	4.5450184815173503e-12	1.2894953699447117e-10	2.5428911243594384e-11	2.2440040615640865e-10	8.1764481209228905e-11	1.5453949777760972e-11	8.1688628660179013e-11	1.3804204891608765e-10
1.2002985070625001	1.1997479326713369	1.1994725895179288	1.1993349039649344	1.1992660576960603	1.1992316336887439	1.1992144214668925	1.1992058153014233	1.1992015122050521	1.1991993606534572	1.1991982848768079	1.1991977469882704	1.1991974780439483	1.199197343571774	1.1991972763356833	1.1991972427176376	1.1991972259086148	1.1991972175041019	1.1991972133018467	1.1991972112007188	1.1991972101501549	1.1991972096248726	1.1991972093622316	1.1991972092309113	1.1991972091652512	1.1991972091324208	1.1991972091160057	1.1991972091077983	1.199197209103694	1.1991972091016423	1.1991972091006167	1.1991972091001044	1.1991972090998464	1.1991972090995904	1.2079907793564886	1.2167456942057007	1.225461958794825	1.2341392449695372	1.2427779232997078	1.2513775577481911	1.2599380550406436	1.2599380550406432	1.2513775577481911	1.2427779232997076	1.2341392449695372	1.2254619587948254	1.2167456942057007	1.2079907793564886	1.2035988086139733	1.2013992073886837	1.2002985070625001	1.1997479326713369	1.1994725895179288	1.1993349039649344	1.1992660576960603	1.1992316336887439	1.1992144214668925	1.1992058153014233	1.1992015122050521	1.1991993606534572	1.1991982848768079	1.1991977469882704	1.1991974780439483	1.199197343571774	1.1991972763356833	1.1991972427176376	1.1991972259086148	1.1991972175041019	1.1991972133018467	1.1991972112007188	1.1991972101501549	1.1991972096248726	1.1991972093622316	1.1991972092309113	1.1991972091652512	1.1991972091324208	1.1991972091160057	1.1991972091077983	1.199197209103694	1.1991972091016423	1.1991972091006167	1.1991972091001044	1.1991972090998464	1.1991972090995904	1.2079907793564886	1.2167456942057007	1.225461958794825	1.2341392449695372	1.2427779232997078	1.2513775577481911	1.2599380550406436	1.2599380550406432	1.2513775577481911	1.2427779232997076	1.2341392449695372	1.2254619587948254	1.2167456942057007	1.2079907793564886	1.2035988086139733	1.2013992073886837
-2.3932878621930405	-2.3921607221223828	-2.3915970660984565	-2.3913152165806393	-2.3911742864442407	-2.3911038200315442	-2.3910685864890571	-2.3910509696337763	-2.3910421611851267	-2.3910377569555492	-2.3910355548394473	-2.3910344537810686	-2.3910339032517967	-2.3910336279871407	-2.3910334903548072	-2.3910334215386393	-2.3910333871305554	-2.3910333699265127	-2.3910333613244918	-2.3910333570234807	-2.3910333548729761	-2.3910333537977229	-2.3910333532600965	-2.3910333529912835	-2.3910333528568768	-2.3910333527896737	-2.3910333527560717	-2.3910333527392713	-2.3910333527308709	-2.3910333527266707	-2.3910333527245706	-2.3910333527235208	-2.391033352722995	-2.3910333527224705	-2.4090438672874339	-2.4269967592036816	-2.4448935977255286	-2.4627358745024157	-2.4805254168284518	-2.4982637685162996	-2.5159526289000644	-2.515952628900064	-2.4982637685162996	-2.4805254168284523	-2.4627358745024157	-2.4448935977255286	-2.4269967592036816	-2.4090438672874339	-2.4000458974025074	-2.3955414550429777	-2.3932878621930405	-2.3921607221223828	-2.3915970660984565	-2.3913152165806393	-2.3911742864442407	-2.3911038200315442	-2.3910685864890571	-2.3910509696337763	-2.3910421611851267	-2.3910377569555492	-2.3910355548394473	-2.3910344537810686	-2.3910339032517967	-2.3910336279871407	-2.3910334903548072	-2.3910334215386393	-2.3910333871305554	-2.3910333699265127	-2.3910333613244918	-2.3910333570234807	-2.3910333548729761	-2.3910333537977229	-2.3910333532600965	-2.3910333529912835	-2.3910333528568768	-2.3910333527896737	-2.3910333527560717	-2.3910333527392713	-2.3910333527308709	-2.3910333527266707	-2.3910333527245706	-2.3910333527235208	-2.391033352722995	-2.3910333527224705	-2.4090438672874339	-2.4269967592036816	-2.4448935977255286	-2.4627358745024157	-2.4805254168284518	-2.4982637685162996	-2.5159526289000644	-2.515952628900064	-2.4982637685162996	-2.4805254168284523	-2.4627358745024157	-2.4448935977255286	-2.4269967592036816	-2.4090438672874339	-2.4000458974025074	-2.3955414550429777
-2.1209495779649674e-10	-2.1209488358074045e-10	-2.1209487872498842e-10	-2.1209494150737487e-10	-2.1209485598171372e-10	-2.1209484980784939e-10	-2.1209491992009832e-10	-2.1209488652280682e-10	-2.120948537564159e-10	-1.5453950768080627e-11	-8.1764490682236938e-11	-2.244003977745114e-10	-2.5428908386093995e-11	-1.2894953775548064e-10	-4.5450238428818731e-12	-7.6028864673956014e-11	-7.6028860560952619e-11	-4.5450120136449026e-12	-1.2894960724334386e-10	-2.5428934392743443e-11	-2.2440028308328903e-10	-8.1764540272191116e-11	-1.5453920994009782e-11	-8.1688972490856839e-11	-1.3804204897814605e-10	-1.7274944585575366e-10	-1.9182860892455515e-10	-2.0181212061830601e-10	-2.0691561771112081e-10	-2.09495830735505e-10	-2.1079300588070943e-10	-2.1144334845388619e-10	-2.1176936251392971e-10	-2.1193207568118649e-10	-2.1201345371468019e-10	-2.1205406723671387e-10	-2.1207460020996769e-10	-2.120848267985039e-10	-2.1208989391262837e-10	-2.1209239386845937e-10	-2.1209358187640883e-10	-2.1209398790262817e-10	-2.1209460999319468e-10	-2.120948288985036e-10	-2.1209487916748042e-10	-2.1209496797193e-10	-2.1209520733876567e-10	-2.1209493638524091e-10	-2.1209501953078249e-10	-2.1209487830374173e-10	-2.1209495779649674e-10	-2.1209488358074045e-10	-2.1209487872498842e-10	-2.1209494150737487e-10	-2.1209485598171372e-10	-2.1209484980784939e-10	-2.1209491992009832e-10	-2.1209488652280682e-10	-2.120948537564159e-10	-1.5453950768080627e-11	-8.1764490682236938e-11	-2.244003977745114e-10	-2.5428908386093995e-11	-1.2894953775548064e-10	-4.5450238428818731e-12	-7.6028864673956014e-11	-7.6028860560952619e-11	-4.5450120136449026e-12	-1.2894960724334386e-10	-2.5428934392743443e-11	-2.2440028308328903e-10	-8.1764540272191116e-11	-1.5453920994009782e-11	-8.1688972490856839e-11	-1.3804204897814605e-10	-1.7274944585575366e-10	-1.9182860892455515e-10	-2.0181212061830601e-10	-2.0691561771112081e-10	-2.09495830735505e-10	-2.1079300588070943e-10	-2.1144334845388619e-10	-2.1176936251392971e-10	-2.1193207568118649e-10	-2.1201345371468019e-10	-2.1205406723671387e-10	-2.1207460020996769e-10	-2.120848267985039e-10	-2.1208989391262837e-10	-2.1209239386845937e-10	-2.1209358187640883e-10	-2.1209398790262817e-10	-2.1209460999319468e-10	-2.120948288985036e-10	-2.1209487916748042e-10	-2.1209496797193e-10	-2.1209520733876567e-10	-2.1209493638524091e-10	-2.1209501953078249e-10	-2.1209487830374173e-10
1.1991972091324206	1.1991972091160052	1.1991972091077978	1.1991972091036938	1.1991972091016421	1.1991972091006164	1.199197209100104	1.1991972090998462	1.1991972090995899	1.2079907793564881	1.2167456942057002	1.2254619587948246	1.2341392449695365	1.2427779232997076	1.2513775577481903	1.2599380550406429	1.2599380550406429	1.2513775577481903	1.2427779232997074	1.2341392449695365	1.2254619587948248	1.2167456942057002	1.2079907793564881	1.2035988086139724	1.2013992073886832	1.2002985070625001	1.1997479326713365	1.1994725895179283	1.1993349039649341	1.1992660576960599	1.1992316336887436	1.1992144214668923	1.1992058153014229	1.1992015122050519	1.1991993606534572	1.1991982848768075	1.1991977469882693	1.1991974780439481	1.1991973435717731	1.1991972763356833	1.1991972427176376	1.1991972259086139	1.1991972175041017	1.1991972133018465	1.1991972112007183	1.1991972101501545	1.1991972096248724	1.1991972093622316	1.1991972092309107	1.199197209165251	1.1991972091324206	1.1991972091160052	1.1991972091077978	1.1991972091036938	1.1991972091016421	1.1991972091006164	1.199197209100104	1.1991972090998462	1.1991972090995899	1.2079907793564881	1.2167456942057002	1.2254619587948246	1.2341392449695365	1.2427779232997076	1.2513775577481903	1.2599380550406429	1.2599380550406429	1.2513775577481903	1.2427779232997074	1.2341392449695365	1.2254619587948248	1.2167456942057002	1.2079907793564881	1.2035988086139724	1.2013992073886832	1.2002985070625001	1.1997479326713365	1.1994725895179283	1.1993349039649341	1.1992660576960599	1.1992316336887436	1.1992144214668923	1.1992058153014229	1.1992015122050519	1.1991993606534572	1.1991982848768075	1.1991977469882693	1.1991974780439481	1.1991973435717731	1.1991972763356833	1.1991972427176376	1.1991972259086139	1.1991972175041017	1.1991972133018465	1.1991972112007183	1.1991972101501545	1.1991972096248724	1.1991972093622316	1.1991972092309107	1.199197209165251
-2.3910333527896737	-2.3910333527560717	-2.3910333527392709	-2.3910333527308709	-2.3910333527266707	-2.3910333527245706	-2.3910333527235204	-2.3910333527229954	-2.3910333527224701	-2.4090438672874339	-2.4269967592036821	-2.4448935977255291	-2.4627358745024153	-2.4805254168284523	-2.4982637685162996	-2.5159526289000644	-2.5159526289000644	-2.4982637685162996	-2.4805254168284518	-2.4627358745024153	-2.4448935977255286	-2.4269967592036821	-2.4090438672874339	-2.4000458974025074	-2.3955414550429777	-2.3932878621930405	-2.3921607221223828	-2.3915970660984565	-2.3913152165806388	-2.3911742864442402	-2.3911038200315446	-2.3910685864890571	-2.3910509696337763	-2.3910421611851262	-2.3910377569555497	-2.3910355548394473	-2.3910344537810682	-2.3910339032517971	-2.3910336279871403	-2.3910334903548072	-2.3910334215386393	-2.3910333871305549	-2.3910333699265127	-2.3910333613244918	-2.3910333570234807	-2.3910333548729761	-2.3910333537977233	-2.3910333532600969	-2.3910333529912835	-2.3910333528568768	-2.3910333527896737	-2.3910333527560717	-2.3910333527392709	-2.3910333527308709	-2.3910333527266707	-2.3910333527245706	-2.3910333527235204	-2.3910333527229954	-2.3910333527224701	-2.4090438672874339	-2.4269967592036821	-2.4448935977255291	-2.4627358745024153	-2.4805254168284523	-2.4982637685162996	-2.5159526289000644	-2.5159526289000644	-2.4982637685162996	-2.4805254168284518	-2.4627358745024153	-2.4448935977255286	-2.4269967592036821	-2.4090438672874339	-2.4000458974025074	-2.3955414550429777	-2.3932878621930405	-2.3921607221223828	-2.3915970660984565	-2.3913152165806388	-2.3911742864442402	-2.3911038200315446	-2.3910685864890571	-2.3910509696337763	-2.3910421611851262	-2.3910377569555497	-2.3910355548394473	-2.3910344537810682	-2.3910339032517971	-2.3910336279871403	-2.3910334903548072	-2.3910334215386393	-2.3910333871305549	-2.3910333699265127	-2.3910333613244918	-2.3910333570234807	-2.3910333548729761	-2.3910333537977233	-2.3910333532600969	-2.3910333529912835	-2.3910333528568768
2.1209488958050973e-10	2.1209487712674643e-10	2.1209490265362947e-10	2.120949283529896e-10	2.1209484561075151e-10	2.1209486173350419e-10	2.1209489887537946e-10	2.1209490942245835e-10	2.1209483769360072e-10	1.5453923857986995e-11	8.1764481356546463e-11	2.2440038287774626e-10	2.5428928925683436e-11	1.2894971416474624e-10	4.5450180388805968e-12	7.602884006636842e-11	7.6028860462544596e-11	4.5450187513420117e-12	1.2894952351985781e-10	2.5428931497723796e-11	2.2440029941746246e-10	8.1764483228945881e-11	1.5453941189890789e-11	8.1688640064066477e-11	1.3804205874263599e-10	1.7274945307686174e-10	1.9182894977000101e-10	2.0181210181275514e-10	2.0691596980458849e-10	2.0949628154662935e-10	2.1079302084149835e-10	2.1144331501471288e-10	2.1176912767722146e-10	2.1193207389260032e-10	2.1201343566382575e-10	2.1205404111031349e-10	2.120746092843607e-10	2.1208463514695983e-10	2.1208987763991115e-10	2.1209230692451766e-10	2.1209358191730464e-10	2.120943494483218e-10	2.120945963185128e-10	2.1209482372468739e-10	2.1209486096916283e-10	2.1209497198905324e-10	2.1209486256559164e-10	2.120949749729948e-10	2.1209500115027672e-10	2.1209499336509764e-10	2.1209488958050973e-10	2.1209487712674643e-10	2.1209490265362947e-10	2.120949283529896e-10	2.1209484561075151e-10	2.1209486173350419e-10	2.1209489887537946e-10	2.1209490942245835e-10	2.1209483769360072e-10	1.5453923857986995e-11	8.1764481356546463e-11	2.2440038287774626e-10	2.5428928925683436e-11	1.2894971416474624e-10	4.5450180388805968e-12	7.602884006636842e-11	7.6028860462544596e-11	4.5450187513420117e-12	1.2894952351985781e-10	2.5428931497723796e-11	2.2440029941746246e-10	8.1764483228945881e-11	1.5453941189890789e-11	8.1688640064066477e-11	1.3804205874263599e-10	1.7274945307686174e-10	1.9182894977000101e-10	2.0181210181275514e-10	2.0691596980458849e-10	2.0949628154662935e-10	2.1079302084149835e-10	2.1144331501471288e-10	2.1176912767722146e-10	2.1193207389260032e-10	2.1201343566382575e-10	2.1205404111031349e-10	2.120746092843607e-10	2.1208463514695983e-10	2.1208987763991115e-10	2.1209230692451766e-10	2.1209358191730464e-10	2.120943494483218e-10	2.120945963185128e-10	2.1209482372468739e-10	2.1209486096916283e-10	2.1209497198905324e-10	2.1209486256559164e-10	2.120949749729948e-10	2.1209500115027672e-10	2.1209499336509764e-10
1.1991972091324195	1.1991972091160037	1.1991972091077969	1.1991972091036931	1.1991972091016412	1.1991972091006156	1.1991972091001031	1.1991972090998448	1.199197209099589	1.2079907793564868	1.2167456942056998	1.2254619587948234	1.2341392449695352	1.2427779232997067	1.2513775577481898	1.2599380550406418	1.2599380550406418	1.2513775577481898	1.2427779232997063	1.2341392449695352	1.225461958794823	1.2167456942056998	1.2079907793564872	1.2035988086139715	1.2013992073886821	1.2002985070624992	1.1997479326713349	1.1994725895179268	1.199334903964933	1.199266057696059	1.1992316336887423	1.1992144214668912	1.1992058153014213	1.1992015122050508	1.1991993606534561	1.1991982848768066	1.1991977469882684	1.1991974780439467	1.1991973435717727	1.1991972763356824	1.1991972427176361	1.199197225908613	1.1991972175041008	1.1991972133018454	1.1991972112007172	1.1991972101501529	1.1991972096248718	1.1991972093622305	1.1991972092309096	1.1991972091652499	1.1991972091324195	1.1991972091160037	1.1991972091077969	1.1991972091036931	1.1991972091016412	1.1991972091006156	1.1991972091001031	1.1991972090998448	1.199197209099589	1.2079907793564868	1.2167456942056998	1.2254619587948234	1.2341392449695352	1.2427779232997067	1.2513775577481898	1.2599380550406418	1.2599380550406418	1.2513775577481898	1.2427779232997063	1.2341392449695352	1.225461958794823	1.2167456942056998	1.2079907793564872	1.2035988086139715	1.2013992073886821	1.2002985070624992	1.1997479326713349	1.1994725895179268	1.199334903964933	1.199266057696059	1.1992316336887423	1.1992144214668912	1.1992058153014213	1.1992015122050508	1.1991993606534561	1.1991982848768066	1.1991977469882684	1.1991974780439467	1.1991973435717727	1.1991972763356824	1.1991972427176361	1.199197225908613	1.1991972175041008	1.1991972133018454	1.1991972112007172	1.1991972101501529	1.1991972096248718	1.1991972093622305	1.1991972092309096	1.1991972091652499
-2.3910333527896737	-2.3910333527560721	-2.3910333527392713	-2.3910333527308705	-2.3910333527266707	-2.3910333527245706	-2.3910333527235204	-2.391033352722995	-2.3910333527224701	-2.4090438672874339	-2.4269967592036821	-2.4448935977255286	-2.4627358745024153	-2.4805254168284518	-2.4982637685162996	-2.5159526289000644	-2.5159526289000644	-2.4982637685162996	-2.4805254168284523	-2.4627358745024153	-2.4448935977255291	-2.4269967592036821	-2.4090438672874344	-2.4000458974025074	-2.3955414550429777	-2.3932878621930409	-2.3921607221223833	-2.3915970660984569	-2.3913152165806388	-2.3911742864442407	-2.3911038200315442	-2.3910685864890571	-2.3910509696337758	-2.3910421611851267	-2.3910377569555492	-2.3910355548394473	-2.3910344537810686	-2.3910339032517967	-2.3910336279871403	-2.3910334903548067	-2.3910334215386393	-2.3910333871305549	-2.3910333699265127	-2.3910333613244914	-2.3910333570234807	-2.3910333548729756	-2.3910333537977233	-2.3910333532600969	-2.3910333529912835	-2.3910333528568772	-2.3910333527896737	-2.3910333527560721	-2.3910333527392713	-2.3910333527308705	-2.3910333527266707	-2.3910333527245706	-2.3910333527235204	-2.391033352722995	-2.3910333527224701	-2.4090438672874339	-2.4269967592036821	-2.4448935977255286	-2.4627358745024153	-2.4805254168284518	-2.4982637685162996	-2.5159526289000644	-2.5159526289000644	-2.4982637685162996	-2.4805254168284523	-2.4627358745024153	-2.4448935977255291	-2.4269967592036821	-2.4090438672874344	-2.4000458974025074	-2.3955414550429777	-2.3932878621930409	-2.3921607221223833	-2.3915970660984569	-2.3913152165806388	-2.3911742864442407	-2.3911038200315442	-2.3910685864890571	-2.3910509696337758	-2.3910421611851267	-2.3910377569555492	-2.3910355548394473	-2.3910344537810686	-2.3910339032517967	-2.3910336279871403	-2.3910334903548067	-2.3910334215386393	-2.3910333871305549	-2.3910333699265127	-2.3910333613244914	-2.3910333570234807	-2.3910333548729756	-2.3910333537977233	-2.3910333532600969	-2.3910333529912835	-2.3910333528568772
-1.7274944098442748e-10	-1.9182861589617893e-10	-2.0181211746873311e-10	-2.0691559388994705e-10	-2.0949596771407003e-10	-2.1079303316735636e-10	-2.1144329780898226e-10	-2.1176936440063273e-10	-2.1193201587104527e-10	-2.1201341231847607e-10	-2.1205418755111997e-10	-2.1207458939336688e-10	-2.1208482709630547e-10	-2.120899337063752e-10	-2.1209228549789612e-10	-2.1209369712512115e-10	-2.1209398148785244e-10	-2.1209473288728925e-10	-2.1209472387026618e-10	-2.1209485447818723e-10	-2.1209495246415633e-10	-2.1209521447968024e-10	-2.1209496865629953e-10	-2.1209500292401334e-10	-2.1209499220808703e-10	-2.1209494896434854e-10	-2.1209491898761431e-10	-2.1209485201765909e-10	-2.1209491767058726e-10	-2.1209484749024813e-10	-2.1209485697693442e-10	-2.1209488415047598e-10	-2.1209486692133945e-10	-2.1209485776647501e-10	-1.5453920849997637e-11	-8.1764542777542521e-11	-2.244004144261005e-10	-2.5428919127269168e-11	-1.2894971261175434e-10	-4.5450103970188298e-12	-7.6028870757025695e-11	-7.6028852372652031e-11	-4.5450228719513321e-12	-1.289495448930931e-10	-2.5428920954559118e-11	-2.2440028199927877e-10	-8.176449792948723e-11	-1.545395618149549e-11	-8.1688992016173957e-11	-1.3804210452731781e-10	-1.7274944098442748e-10	-1.9182861589617893e-10	-2.0181211746873311e-10	-2.0691559388994705e-10	-2.0949596771407003e-10	-2.1079303316735636e-10	-2.1144329780898226e-10	-2.1176936440063273e-10	-2.1193201587104527e-10	-2.1201341231847607e-10	-2.1205418755111997e-10	-2.1207458939336688e-10	-2.1208482709630547e-10	-2.120899337063752e-10	-2.1209228549789612e-10	-2.1209369712512115e-10	-2.1209398148785244e-10	-2.1209473288728925e-10	-2.1209472387026618e-10	-2.1209485447818723e-10	-2.1209495246415633e-10	-2.1209521447968024e-10	-2.1209496865629953e-10	-2.1209500292401334e-10	-2.1209499220808703e-10	-2.1209494896434854e-10	-2.1209491898761431e-10	-2.1209485201765909e-10	-2.1209491767058726e-10	-2.1209484749024813e-10	-2.1209485697693442e-10	-2.1209488415047598e-10	-2.1209486692133945e-10	-2.1209485776647501e-10	-1.5453920849997637e-11	-8.1764542777542521e-11	-2.244004144261005e-10	-2.5428919127269168e-11	-1.2894971261175434e-10	-4.5450103970188298e-12	-7.6028870757025695e-11	-7.6028852372652031e-11	-4.5450228719513321e-12	-1.289495448930931e-10	-2.5428920954559118e-11	-2.2440028199927877e-10	-8.176449792948723e-11	-1.545395618149549e-11	-8.1688992016173957e-11	-1.3804210452731781e-10
1.2002985070624987	1.1997479326713352	1.199472589517927	1.1993349039649324	1.1992660576960588	1.1992316336887419	1.1992144214668912	1.1992058153014213	1.1992015122050501	1.1991993606534559	1.1991982848768061	1.1991977469882682	1.1991974780439465	1.1991973435717724	1.199197276335682	1.1991972427176363	1.1991972259086128	1.1991972175041004	1.1991972133018449	1.199197211200717	1.1991972101501529	1.199197209624872	1.1991972093622298	1.1991972092309098	1.1991972091652494	1.1991972091324192	1.1991972091160041	1.1991972091077965	1.1991972091036929	1.1991972091016412	1.1991972091006147	1.1991972091001026	1.1991972090998448	1.1991972090995886	1.207990779356487	1.2167456942056989	1.2254619587948232	1.2341392449695352	1.2427779232997065	1.2513775577481894	1.2599380550406414	1.2599380550406412	1.2513775577481894	1.242777923299706	1.2341392449695352	1.225461958794823	1.2167456942056989	1.207990779356487	1.2035988086139717	1.2013992073886821	1.2002985070624987	1.1997479326713352	1.199472589517927	1.1993349039649324	1.1992660576960588	1.1992316336887419	1.1992144214668912	1.1992058153014213	1.1992015122050501	1.1991993606534559	1.1991982848768061	1.1991977469882682	1.1991974780439465	1.1991973435717724	1.199197276335682	1.1991972427176363	1.1991972259086128	1.1991972175041004	1.1991972133018449	1.199197211200717	1.1991972101501529	1.199197209624872	1.1991972093622298	1.1991972092309098	1.1991972091652494	1.1991972091324192	1.1991972091160041	1.1991972091077965	1.1991972091036929	1.1991972091016412	1.1991972091006147	1.1991972091001026	1.1991972090998448	1.1991972090995886	1.207990779356487	1.2167456942056989	1.2254619587948232	1.2341392449695352	1.2427779232997065	1.2513775577481894	1.2599380550406414	1.2599380550406412	1.2513775577481894	1.242777923299706	1.2341392449695352	1.225461958794823	1.2167456942056989	1.207990779356487	1.2035988086139717	1.2013992073886821
-2.3932878621930405	-2.3921607221223828	-2.3915970660984569	-2.3913152165806388	-2.3911742864442407	-2.3911038200315442	-2.3910685864890566	-2.3910509696337763	-2.3910421611851262	-2.3910377569555492	-2.3910355548394473	-2.3910344537810682	-2.3910339032517967	-2.3910336279871403	-2.3910334903548072	-2.3910334215386393	-2.3910333871305549	-2.3910333699265127	-2.3910333613244914	-2.3910333570234807	-2.3910333548729756	-2.3910333537977233	-2.3910333532600965	-2.3910333529912835	-2.3910333528568772	-2.3910333527896741	-2.3910333527560721	-2.3910333527392713	-2.3910333527308705	-2.3910333527266707	-2.3910333527245702	-2.3910333527235204	-2.3910333527229954	-2.3910333527224701	-2.4090438672874344	-2.4269967592036821	-2.4448935977255291	-2.4627358745024153	-2.4805254168284523	-2.4982637685162992	-2.5159526289000644	-2.5159526289000644	-2.4982637685162992	-2.4805254168284518	-2.4627358745024153	-2.4448935977255286	-2.4269967592036821	-2.4090438672874344	-2.4000458974025078	-2.3955414550429777	-2.3932878621930405	-2.3921607221223828	-2.3915970660984569	-2.3913152165806388	-2.3911742864442407	-2.3911038200315442	-2.3910685864890566	-2.3910509696337763	-2.3910421611851262	-2.3910377569555492	-2.3910355548394473	-2.3910344537810682	-2.3910339032517967	-2.3910336279871403	-2.3910334903548072	-2.3910334215386393	-2.3910333871305549	-2.3910333699265127	-2.3910333613244914	-2.3910333570234807	-2.3910333548729756	-2.3910333537977233	-2.3910333532600965	-2.3910333529912835	-2.3910333528568772	-2.3910333527896741	-2.3910333527560721	-2.3910333527392713	-2.3910333527308705	-2.3910333527266707	-2.3910333527245702	-2.3910333527235204	-2.3910333527229954	-2.3910333527224701	-2.4090438672874344	-2.4269967592036821	-2.4448935977255291	-2.4627358745024153	-2.4805254168284523	-2.4982637685162992	-2.5159526289000644	-2.5159526289000644	-2.4982637685162992	-2.4805254168284518	-2.4627358745024153	-2.4448935977255286	-2.4269967592036821	-2.4090438672874344	-2.4000458974025078	-2.3955414550429777
0	0	0	0	0	0	0	0	0	0	0	0	0	0	0	0	0	0	0	0	0	0	0	0	0	0	0	0	0	0	0	0	0	0	0	0	0	0	0	0	0	0	0	0	0	0	0	0	0	0	0	0	0	0	0	0	0	0	0	0	0	0	0	0	0	0	0	0	0	0	0	0	0	0	0	0	0	0	0	0	0	0	0	0	0	0	0	0	0	0	0	0	0	0	0	0	0	0	0	0
1.55	1.55	1.55	1.55	1.55	1.55	1.55	1.55	1.55	1.55	1.55	1.55	1.55	1.55	1.55	1.55	1.55	1.55	1.55	1.55	1.55	1.55	1.55	1.55	1.55	1.55	1.55	1.55	1.55	1.55	1.55	1.55	1.55	1.55	1.55	1.55	1.55	1.55	1.55	1.55	1.55	1.55	1.55	1.55	1.55	1.55	1.55	1.55	1.55	1.55	1.55	1.55	1.55	1.55	1.55	1.55	1.55	1.55	1.55	1.55	1.55	1.55	1.55	1.55	1.55	1.55	1.55	1.55	1.55	1.55	1.55	1.55	1.55	1.55	1.55	1.55	1.55	1.55	1.55	1.55	1.55	1.55	1.55	1.55	1.55	1.55	1.55	1.55	1.55	1.55	1.55	1.55	1.55	1.55	1.55	1.55	1.55	1.55	1.55	1.55
0.94999999999999996	0.94999999999999996	0.94999999999999996	0.94999999999999996	0.94999999999999996	0.94999999999999996	0.94999999999999996	0.94999999999999996	0.94999999999999996	0.94999999999999996	0.94999999999999996	0.94999999999999996	0.94999999999999996	0.94999999999999996	0.94999999999999996	0.94999999999999996	0.94999999999999996	0.94999999999999996	0.94999999999999996	0.94999999999999996	0.94999999999999996	0.94999999999999996	0.94999999999999996	0.94999999999999996	0.94999999999999996	0.94999999999999996	0.94999999999999996	0.94999999999999996	0.94999999999999996	0.94999999999999996	0.94999999999999996	0.94999999999999996	0.94999999999999996	0.94999999999999996	0.94999999999999996	0.94999999999999996	0.94999999999999996	0.94999999999999996	0.94999999999999996	0.94999999999999996	0.94999999999999996	0.94999999999999996	0.94999999999999996	0.94999999999999996	0.94999999999999996	0.94999999999999996	0.94999999999999996	0.94999999999999996	0.94999999999999996	0.94999999999999996	0.94999999999999996	0.94999999999999996	0.94999999999999996	0.94999999999999996	0.94999999999999996	0.94999999999999996	0.94999999999999996	0.94999999999999996	0.94999999999999996	0.94999999999999996	0.94999999999999996	0.94999999999999996	0.94999999999999996	0.94999999999999996	0.94999999999999996	0.94999999999999996	0.94999999999999996	0.94999999999999996	0.94999999999999996	0.94999999999999996	0.94999999999999996	0.94999999999999996	0.94999999999999996	0.94999999999999996	0.94999999999999996	0.94999999999999996	0.94999999999999996	0.94999999999999996	0.94999999999999996	0.94999999999999996	0.94999999999999996	0.94999999999999996	0.94999999999999996	0.94999999999999996	0.94999999999999996	0.94999999999999996	0.94999999999999996	0.94999999999999996	0.94999999999999996	0.94999999999999996	0.94999999999999996	0.94999999999999996	0.94999999999999996	0.94999999999999996	0.94999999999999996	0.94999999999999996	0.94999999999999996	0.94999999999999996	0.94999999999999996	0.94999999999999996
0.45000000000000001	0.45000000000000001	0.45000000000000001	0.45000000000000001	0.45000000000000001	0.45000000000000001	0.45000000000000001	0.45000000000000001	0.45000000000000001	0.45000000000000001	0.45000000000000001	0.45000000000000001	0.45000000000000001	0.45000000000000001	0.45000000000000001	0.45000000000000001	0.45000000000000001	0.45000000000000001	0.45000000000000001	0.45000000000000001	0.45000000000000001	0.45000000000000001	0.45000000000000001	0.45000000000000001	0.45000000000000001	0.45000000000000001	0.45000000000000001	0.45000000000000001	0.45000000000000001	0.45000000000000001	0.45000000000000001	0.45000000000000001	0.45000000000000001	0.45000000000000001	0.45000000000000001	0.45000000000000001	0.45000000000000001	0.45000000000000001	0.45000000000000001	0.45000000000000001	0.45000000000000001	0.45000000000000001	0.45000000000000001	0.45000000000000001	0.45000000000000001	0.45000000000000001	0.45000000000000001	0.45000000000000001	0.45000000000000001	0.45000000000000001	0.45000000000000001	0.45000000000000001	0.45000000000000001	0.45000000000000001	0.45000000000000001	0.45000000000000001	0.45000000000000001	0.45000000000000001	0.45000000000000001	0.45000000000000001	0.45000000000000001	0.45000000000000001	0.45000000000000001	0.45000000000000001	0.45000000000000001	0.45000000000000001	0.45000000000000001	0.45000000000000001	0.45000000000000001	0.45000000000000001	0.45000000000000001	0.45000000000000001	0.45000000000000001	0.45000000000000001	0.45000000000000001	0.45000000000000001	0.45000000000000001	0.45000000000000001	0.45000000000000001	0.45000000000000001	0.45000000000000001	0.45000000000000001	0.45000000000000001	0.45000000000000001	0.45000000000000001	0.45000000000000001	0.45000000000000001	0.45000000000000001	0.45000000000000001	0.45000000000000001	0.45000000000000001	0.45000000000000001	0.45000000000000001	0.45000000000000001	0.45000000000000001	0.45000000000000001	0.45000000000000001	0.45000000000000001	0.45000000000000001	0.45000000000000001
0	0	0	0	0	0	0	0	0	0	0	0	0	0	0	0	0	0	0	0	0	0	0	0	0	0	0	0	0	0	0	0	0	0	0	0	0	0	0	0	0	0	0	0	0	0	0	0	0	0	0	0	0	0	0	0	0	0	0	0	0	0	0	0	0	0	0	0	0	0	0	0	0	0	0	0	0	0	0	0	0	0	0	0	0	0	0	0	0	0	0	0	0	0	0	0	0	0	0	0
0	0	0	0	0	0	0	0	0	0	0	0	0	0	0	0	0	0	0	0	0	0	0	0	0	0	0	0	0	0	0	0	0	0	0	0	0	0	0	0	0	0	0	0	0	0	0	0	0	0	0	0	0	0	0	0	0	0	0	0	0	0	0	0	0	0	0	0	0	0	0	0	0	0	0	0	0	0	0	0	0	0	0	0	0	0	0	0	0	0	0	0	0	0	0	0	0	0	0	0
2.6893418743181396e-09	1.4531330165989796e-09	7.5435915034067848e-10	3.8420889990922925e-10	1.9384735266015173e-10	9.735123774039033e-11	4.8797482404673205e-11	2.4430275756882019e-11	1.2222336608304165e-11	6.1137644324248666e-12	3.0590541502197961e-12	1.5199466617279653e-12	7.6696750400745589e-13	3.8555467063196774e-13	1.8224039872870788e-13	1.0288229152029182e-13	5.1279109928979326e-14	2.3883633330954959e-14	1.3684726168950295e-14	6.2050687298508129e-15	6.2648078791255151e-16	-6.3333381385143083e-15	4.4139776927760698e-15	4.4077377731072148e-16	-4.0836743825801727e-15	2.0530849451053986e-15	-2.3844126357718814e-16	-6.3702833333933767e-17	-1.9788560730406051e-15	-1.5706306947809877e-16	-9.0942651911468517e-16	-1.8239497942916771e-16	7.3900299381875241e-16	-9.8320488127283399e-09	-6.5165157258317761e-09	1.0447317629196754e-08	-2.8167806539924055e-09	-4.772535487657461e-09	-1.0441956836815286e-09	-2.6460340369695341e-09	3.5741929113990962e-09	-3.5741923176032335e-09	2.6460335647415522e-09	1.0441946381038517e-09	4.772543458096874e-09	2.816778498281726e-09	-1.0447322818932384e-08	-3.7926274524946187e-12	6.1294049569163341e-09	4.5530410927051829e-09	2.6893418743181396e-09	1.4531330165989796e-09	7.5435915034067848e-10	3.8420889990922925e-10	1.9384735266015173e-10	9.735123774039033e-11	4.8797482404673205e-11	2.4430275756882019e-11	1.2222336608304165e-11	6.1137644324248666e-12	3.0590541502197961e-12	1.5199466617279653e-12	7.6696750400745589e-13	3.8555467063196774e-13	1.8224039872870788e-13	1.0288229152029182e-13	5.1279109928979326e-14	2.3883633330954959e-14	1.3684726168950295e-14	6.2050687298508129e-15	6.2648078791255151e-16	-6.3333381385143083e-15	4.4139776927760698e-15	4.4077377731072148e-16	-4.0836743825801727e-15	2.0530849451053986e-15	-2.3844126357718814e-16	-6.3702833333933767e-17	-1.9788560730406051e-15	-1.5706306947809877e-16	-9.0942651911468517e-16	-1.8239497942916771e-16	7.3900299381875241e-16	-9.8320488127283399e-09	-6.5165157258317761e-09	1.0447317629196754e-08	-2.8167806539924055e-09	-4.772535487657461e-09	-1.0441956836815286e-09	-2.6460340369695341e-09	3.5741929113990962e-09	-3.5741923176032335e-09	2.6460335647415522e-09	1.0441946381038517e-09	4.772543458096874e-09	2.816778498281726e-09	-1.0447322818932384e-08	-3.7926274524946187e-12	6.1294049569163341e-09	4.5530410927051829e-09
-0.082563735867335897	-0.041295877228564315	-0.020651435320129252	-0.010326591093423598	-0.0051635138095251776	-0.0025818114583908702	-0.0012909193660259888	-0.00064546309201940488	-0.00032273239830571399	-0.00016136641221020653	-8.0683259340297298e-05	-4.0341642981722714e-05	-2.0170824821530431e-05	-1.0085413248983599e-05	-5.0427068187808288e-06	-2.5213534260437598e-06	-1.2606767851863765e-06	-6.3033840369541849e-07	-3.1516915743878826e-07	-1.5758458982162438e-07	-7.8792306013042435e-08	-3.9396164108751464e-08	-1.9698065401030362e-08	-9.849021598284935e-09	-4.9245274524878369e-09	-2.4622748284741647e-09	-1.2311263120068361e-09	-6.1558536046391055e-10	-3.077982313470784e-10	-1.5386580898280044e-10	-7.6894046685538342e-11	-3.851363672424668e-11	-2.5701663020072374e-11	0.43967851283210901	0.87742425530551449	0.8735589719168213	0.86967753819182647	0.86579822524414096	0.86191563893269763	0.858006587046789	0.42802486462260037	-0.42802486462262257	-0.8580065870467779	-0.86191563893269763	-0.86579822524410766	-0.86967753819182647	-0.87355897191684351	-0.65734427958636932	-0.3295785983902455	-0.1650150775736603	-0.082563735867335897	-0.041295877228564315	-0.020651435320129252	-0.010326591093423598	-0.0051635138095251776	-0.0025818114583908702	-0.0012909193660259888	-0.00064546309201940488	-0.00032273239830571399	-0.00016136641221020653	-8.0683259340297298e-05	-4.0341642981722714e-05	-2.0170824821530431e-05	-1.0085413248983599e-05	-5.0427068187808288e-06	-2.5213534260437598e-06	-1.2606767851863765e-06	-6.3033840369541849e-07	-3.1516915743878826e-07	-1.5758458982162438e-07	-7.8792306013042435e-08	-3.9396164108751464e-08	-1.9698065401030362e-08	-9.849021598284935e-09	-4.9245274524878369e-09	-2.4622748284741647e-09	-1.2311263120068361e-09	-6.1558536046391055e-10	-3.077982313470784e-10	-1.5386580898280044e-10	-7.6894046685538342e-11	-3.851363672424668e-11	-2.5701663020072374e-11	0.43967851283210901	0.87742425530551449	0.8735589719168213	0.86967753819182647	0.86579822524414096	0.86191563893269763	0.858006587046789	0.42802486462260037	-0.42802486462262257	-0.8580065870467779	-0.86191563893269763	-0.86579822524410766	-0.86967753819182647	-0.87355897191684351	-0.65734427958636932	-0.3295785983902455	-0.1650150775736603
0.169036646029741	0.084539804729200085	0.042275277087178154	0.021138982710788845	0.010569827454753877	0.0052849977591806763	0.0026425198883961443	0.0013212651965188726	0.00066063391135351424	0.0003303172839697055	0.00016515872403033427	8.257938253208863e-05	4.1289696395274689e-05	2.0644849474393823e-05	1.0322425070263819e-05	5.1612125906430606e-06	2.580606328628221e-06	1.2903031754163408e-06	6.4515159881040063e-07	3.2257578830297007e-07	1.6128789415148503e-07	8.0643980382433256e-08	4.0321967986756135e-08	2.0160983993378068e-08	1.0080491996689034e-08	5.0402571005747632e-09	2.5201174480571353e-09	1.2600365195680752e-09	6.3002936201428383e-10	3.1501468100714192e-10	1.5749623827332471e-10	7.8781425827401108e-11	5.2513549064769904e-11	-0.90052572822194588	-1.7981703240605551	-1.7924865219047348	-1.786955764936704	-1.7815909551461617	-1.7763947006941949	-1.7713606035806295	-0.8844430191882191	0.88444301918824131	1.7713606035805851	1.7763947006941949	1.7815909551461839	1.786955764936704	1.7924865219047348	1.3475430900587115	0.67512061222281261	0.33790176047334697	0.169036646029741	0.084539804729200085	0.042275277087178154	0.021138982710788845	0.010569827454753877	0.0052849977591806763	0.0026425198883961443	0.0013212651965188726	0.00066063391135351424	0.0003303172839697055	0.00016515872403033427	8.257938253208863e-05	4.1289696395274689e-05	2.0644849474393823e-05	1.0322425070263819e-05	5.1612125906430606e-06	2.580606328628221e-06	1.2903031754163408e-06	6.4515159881040063e-07	3.2257578830297007e-07	1.6128789415148503e-07	8.0643980382433256e-08	4.0321967986756135e-08	2.0160983993378068e-08	1.0080491996689034e-08	5.0402571005747632e-09	2.5201174480571353e-09	1.2600365195680752e-09	6.3002936201428383e-10	3.1501468100714192e-10	1.5749623827332471e-10	7.8781425827401108e-11	5.2513549064769904e-11	-0.90052572822194588	-1.7981703240605551	-1.7924865219047348	-1.786955764936704	-1.7815909551461617	-1.7763947006941949	-1.7713606035806295	-0.8844430191882191	0.88444301918824131	1.7713606035805851	1.7763947006941949	1.7815909551461839	1.786955764936704	1.7924865219047348	1.3475430900587115	0.67512061222281261	0.33790176047334697
-2.63849935889102e-16	3.9535754158378325e-15	-2.8963317212599213e-15	1.1371637346931921e-15	4.5849762740338494e-15	-3.1969192296943409e-15	-1.8357478713685209e-15	3.3081841210694612e-15	9.8320467877363096e-09	6.516518153708948e-09	-1.0447322350321539e-08	2.8167791148071471e-09	4.772543000951538e-09	1.0441942271606061e-09	2.6460336540762312e-09	-3.5741918359035373e-09	3.5741926330155555e-09	-2.6460373341195621e-09	-1.044196118954927e-09	-4.7725337919972586e-09	-2.8167802939723836e-09	1.0447318104463963e-08	3.7783890667138542e-12	-6.1294063992068135e-09	-4.5530236682448411e-09	-2.6893279973204547e-09	-1.4531337381276176e-09	-7.543504393282829e-10	-3.8418550585994919e-10	-1.9386940847943145e-10	-9.7375885919059803e-11	-4.8817831661013716e-11	-2.4436361365014986e-11	-1.2204560037524289e-11	-6.0995777763689416e-12	-3.057324764374876e-12	-1.5379780895015477e-12	-7.6468513303379304e-13	-3.7835349777359077e-13	-1.8439818902293085e-13	-7.9701708439575485e-14	-5.140583929277837e-14	-4.2049793771635024e-14	-1.3458714286693451e-14	-6.9536713201143657e-15	-1.6408564262713309e-14	1.5793344546223931e-15	9.3903991591632859e-15	2.9040749589740302e-15	3.086714287556146e-15	-2.63849935889102e-16	3.9535754158378325e-15	-2.8963317212599213e-15	1.1371637346931921e-15	4.5849762740338494e-15	-3.1969192296943409e-15	-1.8357478713685209e-15	3.3081841210694612e-15	9.8320467877363096e-09	6.516518153708948e-09	-1.0447322350321539e-08	2.8167791148071471e-09	4.772543000951538e-09	1.0441942271606061e-09	2.6460336540762312e-09	-3.5741918359035373e-09	3.5741926330155555e-09	-2.6460373341195621e-09	-1.044196118954927e-09	-4.7725337919972586e-09	-2.8167802939723836e-09	1.0447318104463963e-08	3.7783890667138542e-12	-6.1294063992068135e-09	-4.5530236682448411e-09	-2.6893279973204547e-09	-1.4531337381276176e-09	-7.543504393282829e-10	-3.8418550585994919e-10	-1.9386940847943145e-10	-9.7375885919059803e-11	-4.8817831661013716e-11	-2.4436361365014986e-11	-1.2204560037524289e-11	-6.0995777763689416e-12	-3.057324764374876e-12	-1.5379780895015477e-12	-7.6468513303379304e-13	-3.7835349777359077e-13	-1.8439818902293085e-13	-7.9701708439575485e-14	-5.140583929277837e-14	-4.2049793771635024e-14	-1.3458714286693451e-14	-6.9536713201143657e-15	-1.6408564262713309e-14	1.5793344546223931e-15	9.3903991591632859e-15	2.9040749589740302e-15	3.086714287556146e-15
-2.4622859307044109e-09	-1.2311374142370823e-09	-6.155742582336643e-10	-3.0778712911683215e-10	-1.5386580898280044e-10	-7.6905148915784594e-11	-3.851363672424668e-11	-2.5701663020072374e-11	0.43967851283209791	0.87742425530551449	0.8735589719168213	0.86967753819181537	0.86579822524415206	0.86191563893268652	0.8580065870467668	0.42802486462263367	-0.42802486462263367	-0.8580065870467779	-0.86191563893268652	-0.86579822524412986	-0.86967753819181537	-0.87355897191683241	-0.65734427958639152	-0.3295785983902455	-0.16501507757361589	-0.082563735867335897	-0.041295877228586519	-0.02065143532011815	-0.010326591093423598	-0.0051635138095251776	-0.002581811458379768	-0.001290919366037091	-0.00064546309201940488	-0.00032273239828350953	-0.00016136641222130876	-8.0683259395808449e-05	-4.0341642970620484e-05	-2.0170824810428201e-05	-1.0085413237881369e-05	-5.0427067743719078e-06	-2.5213534704526808e-06	-1.2606767962886067e-06	-6.3033837038872775e-07	-3.1516916854101851e-07	-1.5758460092385462e-07	-7.8792294910812188e-08	-3.9396141904290971e-08	-1.9698087605490855e-08	-9.8490327005151812e-09	-4.9245052480273444e-09	-2.4622859307044109e-09	-1.2311374142370823e-09	-6.155742582336643e-10	-3.0778712911683215e-10	-1.5386580898280044e-10	-7.6905148915784594e-11	-3.851363672424668e-11	-2.5701663020072374e-11	0.43967851283209791	0.87742425530551449	0.8735589719168213	0.86967753819181537	0.86579822524415206	0.86191563893268652	0.8580065870467668	0.42802486462263367	-0.42802486462263367	-0.8580065870467779	-0.86191563893268652	-0.86579822524412986	-0.86967753819181537	-0.87355897191683241	-0.65734427958639152	-0.3295785983902455	-0.16501507757361589	-0.082563735867335897	-0.041295877228586519	-0.02065143532011815	-0.010326591093423598	-0.0051635138095251776	-0.002581811458379768	-0.001290919366037091	-0.00064546309201940488	-0.00032273239828350953	-0.00016136641222130876	-8.0683259395808449e-05	-4.0341642970620484e-05	-2.0170824810428201e-05	-1.0085413237881369e-05	-5.0427067743719078e-06	-2.5213534704526808e-06	-1.2606767962886067e-06	-6.3033837038872775e-07	-3.1516916854101851e-07	-1.5758460092385462e-07	-7.8792294910812188e-08	-3.9396141904290971e-08	-1.9698087605490855e-08	-9.8490327005151812e-09	-4.9245052480273444e-09
5.0402571005747632e-09	2.5201396525176278e-09	1.2600365195680752e-09	6.3000715755379133e-10	3.1501468100714192e-10	1.5751844273381721e-10	7.8759221366908605e-11	5.2513549064769904e-11	-0.90052572822192367	-1.7981703240605995	-1.792486521904757	-1.7869557649366596	-1.7815909551461617	-1.7763947006942171	-1.7713606035806073	-0.88444301918824131	0.88444301918824131	1.7713606035806295	1.7763947006942171	1.7815909551461617	1.7869557649366596	1.7924865219047348	1.3475430900587337	0.67512061222281261	0.33790176047334697	0.169036646029741	0.084539804729200085	0.042275277087200358	0.02113898271081105	0.010569827454709468	0.0052849977591584718	0.0026425198884183487	0.0013212651965410771	0.00066063391133130978	0.00033031728394750104	0.00016515872407474319	8.2579382509884169e-05	4.1289696395274689e-05	2.0644849496598283e-05	1.0322425048059358e-05	5.1612126128475211e-06	2.580606328628221e-06	1.2903031532118803e-06	6.4515159881040063e-07	3.2257578830297007e-07	1.6128787194702454e-07	8.0643958177972763e-08	4.0321990191216628e-08	2.016100619783856e-08	1.0080491996689034e-08	5.0402571005747632e-09	2.5201396525176278e-09	1.2600365195680752e-09	6.3000715755379133e-10	3.1501468100714192e-10	1.5751844273381721e-10	7.8759221366908605e-11	5.2513549064769904e-11	-0.90052572822192367	-1.7981703240605995	-1.792486521904757	-1.7869557649366596	-1.7815909551461617	-1.7763947006942171	-1.7713606035806073	-0.88444301918824131	0.88444301918824131	1.7713606035806295	1.7763947006942171	1.7815909551461617	1.7869557649366596	1.7924865219047348	1.3475430900587337	0.67512061222281261	0.33790176047334697	0.169036646029741	0.084539804729200085	0.042275277087200358	0.02113898271081105	0.010569827454709468	0.0052849977591584718	0.0026425198884183487	0.0013212651965410771	0.00066063391133130978	0.00033031728394750104	0.00016515872407474319	8.2579382509884169e-05	4.1289696395274689e-05	2.0644849496598283e-05	1.0322425048059358e-05	5.1612126128475211e-06	2.580606328628221e-06	1.2903031532118803e-06	6.4515159881040063e-07	3.2257578830297007e-07	1.6128787194702454e-07	8.0643958177972763e-08	4.0321990191216628e-08	2.016100619783856e-08	1.0080491996689034e-08
-5.8119175602021168e-15	6.5365598714063361e-16	2.5613121580834918e-15	-2.852143898373461e-15	-3.3309742704342772e-15	2.6632313974618655e-15	2.3844477082298537e-15	-3.0590889366387126e-15	-9.8320492782235679e-09	-6.516517816852713e-09	1.0447322950987963e-08	-2.8167776215431514e-09	-4.7725334356500014e-09	-1.044195544340142e-09	-2.6460437049188908e-09	3.5741921211831999e-09	-3.5741910657513204e-09	2.6460331528656605e-09	1.0441956373190892e-09	4.7725387948802328e-09	2.8167775865611042e-09	-1.0447317911378584e-08	-3.7921582439701612e-12	6.12940587763726e-09	4.553040650639763e-09	2.689344551368251e-09	1.4531324367946702e-09	7.5435100172937399e-10	3.842089866937104e-10	1.9385255184549298e-10	9.7351673404176689e-11	4.8805341786155378e-11	2.4437943894372006e-11	1.2215399330214867e-11	6.0983608856580881e-12	3.0586810267471386e-12	1.5297018323171412e-12	7.6341777752269278e-13	3.8358887789146894e-13	1.852138696742998e-13	1.0212619020690323e-13	5.0720060408293729e-14	2.371381827971762e-14	1.3232532501538789e-14	7.4132182922992232e-15	7.9821440186264575e-17	1.4919707816108701e-16	6.9292342541499566e-15	9.1960514198827269e-16	-5.57848834939251e-15	-5.8119175602021168e-15	6.5365598714063361e-16	2.5613121580834918e-15	-2.852143898373461e-15	-3.3309742704342772e-15	2.6632313974618655e-15	2.3844477082298537e-15	-3.0590889366387126e-15	-9.8320492782235679e-09	-6.516517816852713e-09	1.0447322950987963e-08	-2.8167776215431514e-09	-4.7725334356500014e-09	-1.044195544340142e-09	-2.6460437049188908e-09	3.5741921211831999e-09	-3.5741910657513204e-09	2.6460331528656605e-09	1.0441956373190892e-09	4.7725387948802328e-09	2.8167775865611042e-09	-1.0447317911378584e-08	-3.7921582439701612e-12	6.12940587763726e-09	4.553040650639763e-09	2.689344551368251e-09	1.4531324367946702e-09	7.5435100172937399e-10	3.842089866937104e-10	1.9385255184549298e-10	9.7351673404176689e-11	4.8805341786155378e-11	2.4437943894372006e-11	1.2215399330214867e-11	6.0983608856580881e-12	3.0586810267471386e-12	1.5297018323171412e-12	7.6341777752269278e-13	3.8358887789146894e-13	1.852138696742998e-13	1.0212619020690323e-13	5.0720060408293729e-14	2.371381827971762e-14	1.3232532501538789e-14	7.4132182922992232e-15	7.9821440186264575e-17	1.4919707816108701e-16	6.9292342541499566e-15	9.1960514198827269e-16	-5.57848834939251e-15
-2.4623081351649034e-09	-1.2311263120068361e-09	-6.1552984931267929e-10	-3.0778712911683215e-10	-1.538769112130467e-10	-7.6905148915784594e-11	-3.8535841184739184e-11	-2.5701663020072374e-11	0.43967851283209791	0.87742425530553669	0.87355897191683241	0.86967753819177096	0.86579822524416317	0.86191563893273093	0.8580065870467557	0.42802486462260037	-0.42802486462260037	-0.8580065870467779	-0.86191563893273093	-0.86579822524416317	-0.86967753819177096	-0.873558971916788	-0.65734427958641373	-0.32957859839025661	-0.16501507757361589	-0.082563735867358101	-0.041295877228619826	-0.020651435320095946	-0.010326591093390292	-0.0051635138095362798	-0.0025818114583908702	-0.0012909193660481932	-0.00064546309201940488	-0.00032273239826130506	-0.00016136641221020653	-8.0683259384706218e-05	-4.0341642992824944e-05	-2.017082478822374e-05	-1.0085413215676908e-05	-5.0427068298830591e-06	-2.5213534704526808e-06	-1.260676762981916e-06	-6.30338381490958e-07	-3.1516917964324875e-07	-1.5758462312831512e-07	-7.8792272706351696e-08	-3.9396119699830479e-08	-1.9698109809951347e-08	-9.8490327005151812e-09	-4.9245052480273444e-09	-2.4623081351649034e-09	-1.2311263120068361e-09	-6.1552984931267929e-10	-3.0778712911683215e-10	-1.538769112130467e-10	-7.6905148915784594e-11	-3.8535841184739184e-11	-2.5701663020072374e-11	0.43967851283209791	0.87742425530553669	0.87355897191683241	0.86967753819177096	0.86579822524416317	0.86191563893273093	0.8580065870467557	0.42802486462260037	-0.42802486462260037	-0.8580065870467779	-0.86191563893273093	-0.86579822524416317	-0.86967753819177096	-0.873558971916788	-0.65734427958641373	-0.32957859839025661	-0.16501507757361589	-0.082563735867358101	-0.041295877228619826	-0.020651435320095946	-0.010326591093390292	-0.0051635138095362798	-0.0025818114583908702	-0.0012909193660481932	-0.00064546309201940488	-0.00032273239826130506	-0.00016136641221020653	-8.0683259384706218e-05	-4.0341642992824944e-05	-2.017082478822374e-05	-1.0085413215676908e-05	-5.0427068298830591e-06	-2.5213534704526808e-06	-1.260676762981916e-06	-6.30338381490958e-07	-3.1516917964324875e-07	-1.5758462312831512e-07	-7.8792272706351696e-08	-3.9396119699830479e-08	-1.9698109809951347e-08	-9.8490327005151812e-09	-4.9245052480273444e-09
5.0402571005747632e-09	2.5201174480571353e-09	1.2600809284890602e-09	6.3002936201428383e-10	3.1499247654664941e-10	1.5751844273381721e-10	7.8781425827401108e-11	5.2513549064769904e-11	-0.90052572822194588	-1.7981703240605995	-1.7924865219047348	-1.7869557649366596	-1.7815909551461617	-1.7763947006942171	-1.7713606035806295	-0.88444301918824131	0.88444301918824131	1.7713606035806073	1.7763947006942171	1.7815909551461617	1.7869557649366596	1.7924865219047348	1.3475430900587337	0.67512061222283481	0.33790176047332476	0.1690366460297188	0.084539804729200085	0.042275277087222562	0.02113898271081105	0.010569827454731673	0.0052849977591806763	0.0026425198884183487	0.0013212651965188726	0.00066063391133130978	0.0003303172839697055	0.00016515872403033427	8.257938253208863e-05	4.1289696417479149e-05	2.0644849496598283e-05	1.0322425048059358e-05	5.1612125906430606e-06	2.580606328628221e-06	1.2903031754163408e-06	6.4515159881040063e-07	3.2257578830297007e-07	1.6128787194702454e-07	8.0643935973512271e-08	4.0321990191216628e-08	2.0160983993378068e-08	1.0080491996689034e-08	5.0402571005747632e-09	2.5201174480571353e-09	1.2600809284890602e-09	6.3002936201428383e-10	3.1499247654664941e-10	1.5751844273381721e-10	7.8781425827401108e-11	5.2513549064769904e-11	-0.90052572822194588	-1.7981703240605995	-1.7924865219047348	-1.7869557649366596	-1.7815909551461617	-1.7763947006942171	-1.7713606035806295	-0.88444301918824131	0.88444301918824131	1.7713606035806073	1.7763947006942171	1.7815909551461617	1.7869557649366596	1.7924865219047348	1.3475430900587337	0.67512061222283481	0.33790176047332476	0.1690366460297188	0.084539804729200085	0.042275277087222562	0.02113898271081105	0.010569827454731673	0.0052849977591806763	0.0026425198884183487	0.0013212651965188726	0.00066063391133130978	0.0003303172839697055	0.00016515872403033427	8.257938253208863e-05	4.1289696417479149e-05	2.0644849496598283e-05	1.0322425048059358e-05	5.1612125906430606e-06	2.580606328628221e-06	1.2903031754163408e-06	6.4515159881040063e-07	3.2257578830297007e-07	1.6128787194702454e-07	8.0643935973512271e-08	4.0321990191216628e-08	2.0160983993378068e-08	1.0080491996689034e-08
-2.689325568443056e-09	-1.4531338242152818e-09	-7.5434889968840607e-10	-3.8419251226684577e-10	-1.9387196387046527e-10	-9.7366504745611447e-11	-4.8816561663818611e-11	-2.44359031031506e-11	-1.2202395892166856e-11	-6.1085840037348777e-12	-3.0588537445405815e-12	-1.5319772592749978e-12	-7.6721565041572404e-13	-3.729200795328472e-13	-1.8817093729747255e-13	-8.4799497815903421e-14	-5.1788108405160563e-14	-3.711912068707791e-14	-6.0795448990765035e-15	-1.1429694507149058e-14	-1.800007465051636e-14	-8.096071604393386e-16	1.0577783344950287e-14	-1.1775893747176387e-15	2.6979832402286883e-15	3.6610236361821205e-15	4.8473344724062733e-15	6.5851352256979001e-17	2.2637054777044683e-16	3.0346826417930905e-15	-1.833011392466073e-15	-4.9722025143909506e-16	1.3192000486087568e-15	9.8320473035670908e-09	6.5165157494466245e-09	-1.0447324678805143e-08	2.8167811825136676e-09	4.7725350907173079e-09	1.0441954365125169e-09	2.6460420927364323e-09	-3.57419209878166e-09	3.5741923942537181e-09	-2.6460346260220537e-09	-1.0441949041303893e-09	-4.7725368553092831e-09	-2.8167788487464056e-09	1.0447316290889164e-08	3.7752956656636623e-12	-6.1294074172911162e-09	-4.553022448412676e-09	-2.689325568443056e-09	-1.4531338242152818e-09	-7.5434889968840607e-10	-3.8419251226684577e-10	-1.9387196387046527e-10	-9.7366504745611447e-11	-4.8816561663818611e-11	-2.44359031031506e-11	-1.2202395892166856e-11	-6.1085840037348777e-12	-3.0588537445405815e-12	-1.5319772592749978e-12	-7.6721565041572404e-13	-3.729200795328472e-13	-1.8817093729747255e-13	-8.4799497815903421e-14	-5.1788108405160563e-14	-3.711912068707791e-14	-6.0795448990765035e-15	-1.1429694507149058e-14	-1.800007465051636e-14	-8.096071604393386e-16	1.0577783344950287e-14	-1.1775893747176387e-15	2.6979832402286883e-15	3.6610236361821205e-15	4.8473344724062733e-15	6.5851352256979001e-17	2.2637054777044683e-16	3.0346826417930905e-15	-1.833011392466073e-15	-4.9722025143909506e-16	1.3192000486087568e-15	9.8320473035670908e-09	6.5165157494466245e-09	-1.0447324678805143e-08	2.8167811825136676e-09	4.7725350907173079e-09	1.0441954365125169e-09	2.6460420927364323e-09	-3.57419209878166e-09	3.5741923942537181e-09	-2.6460346260220537e-09	-1.0441949041303893e-09	-4.7725368553092831e-09	-2.8167788487464056e-09	1.0447316290889164e-08	3.7752956656636623e-12	-6.1294074172911162e-09	-4.553022448412676e-09
-0.082563735867346999	-0.041295877228586519	-0.020651435320140354	-0.010326591093412496	-0.0051635138095251776	-0.002581811458379768	-0.0012909193660259888	-0.00064546309205271157	-0.00032273239827240729	-0.0001613664121991043	-8.0683259384706218e-05	-4.0341642981722714e-05	-2.017082478822374e-05	-1.0085413226779139e-05	-5.0427068076785986e-06	-2.5213534593504505e-06	-1.2606767962886067e-06	-6.3033839259318825e-07	-3.1516916854101851e-07	-1.5758460092385462e-07	-7.8792250501891203e-08	-3.9396153006521217e-08	-1.9698109809951347e-08	-9.849021598284935e-09	-4.9245274524878369e-09	-2.4622637262439184e-09	-1.2311374142370823e-09	-6.1556315600341804e-10	-3.0776492465633964e-10	-1.5391021790378545e-10	-7.6927353376277097e-11	-3.8491432263754177e-11	-2.5701663020072374e-11	0.43967851283210901	0.87742425530551449	0.8735589719168102	0.86967753819181537	0.86579822524416317	0.86191563893270873	0.8580065870467446	0.42802486462258926	-0.42802486462260037	-0.8580065870467557	-0.86191563893270873	-0.86579822524415206	-0.86967753819181537	-0.8735589719167991	-0.65734427958635822	-0.3295785983902455	-0.16501507757364919	-0.082563735867346999	-0.041295877228586519	-0.020651435320140354	-0.010326591093412496	-0.0051635138095251776	-0.002581811458379768	-0.0012909193660259888	-0.00064546309205271157	-0.00032273239827240729	-0.0001613664121991043	-8.0683259384706218e-05	-4.0341642981722714e-05	-2.017082478822374e-05	-1.0085413226779139e-05	-5.0427068076785986e-06	-2.5213534593504505e-06	-1.2606767962886067e-06	-6.3033839259318825e-07	-3.1516916854101851e-07	-1.5758460092385462e-07	-7.8792250501891203e-08	-3.9396153006521217e-08	-1.9698109809951347e-08	-9.849021598284935e-09	-4.9245274524878369e-09	-2.4622637262439184e-09	-1.2311374142370823e-09	-6.1556315600341804e-10	-3.0776492465633964e-10	-1.5391021790378545e-10	-7.6927353376277097e-11	-3.8491432263754177e-11	-2.5701663020072374e-11	0.43967851283210901	0.87742425530551449	0.8735589719168102	0.86967753819181537	0.86579822524416317	0.86191563893270873	0.8580065870467446	0.42802486462258926	-0.42802486462260037	-0.8580065870467557	-0.86191563893270873	-0.86579822524415206	-0.86967753819181537	-0.8735589719167991	-0.65734427958635822	-0.3295785983902455	-0.16501507757364919
0.169036646029741	0.084539804729177881	0.042275277087200358	0.02113898271081105	0.010569827454731673	0.0052849977592028807	0.0026425198883961443	0.0013212651965188726	0.00066063391135351424	0.00033031728394750104	0.00016515872405253873	8.257938253208863e-05	4.1289696395274689e-05	2.0644849474393823e-05	1.0322425048059358e-05	5.1612126128475211e-06	2.580606328628221e-06	1.2903031754163408e-06	6.4515159881040063e-07	3.2257578830297007e-07	1.6128787194702454e-07	8.0643958177972763e-08	4.0321990191216628e-08	2.0160961788917575e-08	1.0080469792228541e-08	5.0402571005747632e-09	2.5201396525176278e-09	1.2600809284890602e-09	6.3002936201428383e-10	3.1501468100714192e-10	1.5751844273381721e-10	7.8737016906416102e-11	5.2513549064769904e-11	-0.90052572822194588	-1.7981703240605995	-1.7924865219047348	-1.7869557649366596	-1.7815909551461617	-1.7763947006941949	-1.7713606035806073	-0.88444301918826351	0.88444301918826351	1.7713606035806295	1.7763947006941949	1.7815909551461617	1.7869557649366596	1.7924865219047126	1.3475430900587115	0.67512061222283481	0.33790176047336917	0.169036646029741	0.084539804729177881	0.042275277087200358	0.02113898271081105	0.010569827454731673	0.0052849977592028807	0.0026425198883961443	0.0013212651965188726	0.00066063391135351424	0.00033031728394750104	0.00016515872405253873	8.257938253208863e-05	4.1289696395274689e-05	2.0644849474393823e-05	1.0322425048059358e-05	5.1612126128475211e-06	2.580606328628221e-06	1.2903031754163408e-06	6.4515159881040063e-07	3.2257578830297007e-07	1.6128787194702454e-07	8.0643958177972763e-08	4.0321990191216628e-08	2.0160961788917575e-08	1.0080469792228541e-08	5.0402571005747632e-09	2.5201396525176278e-09	1.2600809284890602e-09	6.3002936201428383e-10	3.1501468100714192e-10	1.5751844273381721e-10	7.8737016906416102e-11	5.2513549064769904e-11	-0.90052572822194588	-1.7981703240605995	-1.7924865219047348	-1.7869557649366596	-1.7815909551461617	-1.7763947006941949	-1.7713606035806073	-0.88444301918826351	0.88444301918826351	1.7713606035806295	1.7763947006941949	1.7815909551461617	1.7869557649366596	1.7924865219047126	1.3475430900587115	0.67512061222283481	0.33790176047336917
0	0	0	0	0	0	0	0	0	0	0	0	0	0	0	0	0	0	0	0	0	0	0	0	0	0	0	0	0	0	0	0	0	0	0	0	0	0	0	0	0	0	0	0	0	0	0	0	0	0	0	0	0	0	0	0	0	0	0	0	0	0	0	0	0	0	0	0	0	0	0	0	0	0	0	0	0	0	0	0	0	0	0	0	0	0	0	0	0	0	0	0	0	0	0	0	0	0	0	0
0	0	0	0	0	0	0	0	0	0	0	0	0	0	0	0	0	0	0	0	0	0	0	0	0	0	0	0	0	0	0	0	0	0	0	0	0	0	0	0	0	0	0	0	0	0	0	0	0	0	0	0	0	0	0	0	0	0	0	0	0	0	0	0	0	0	0	0	0	0	0	0	0	0	0	0	0	0	0	0	0	0	0	0	0	0	0	0	0	0	0	0	0	0	0	0	0	0	0	0
0	0	0	0	0	0	0	0	0	0	0	0	0	0	0	0	0	0	0	0	0	0	0	0	0	0	0	0	0	0	0	0	0	0	0	0	0	0	0	0	0	0	0	0	0	0	0	0	0	0	0	0	0	0	0	0	0	0	0	0	0	0	0	0	0	0	0	0	0	0	0	0	0	0	0	0	0	0	0	0	0	0	0	0	0	0	0	0	0	0	0	0	0	0	0	0	0	0	0	0
0	0	0	0	0	0	0	0	0	0	0	0	0	0	0	0	0	0	0	0	0	0	0	0	0	0	0	0	0	0	0	0	0	0	0	0	0	0	0	0	0	0	0	0	0	0	0	0	0	0	0	0	0	0	0	0	0	0	0	0	0	0	0	0	0	0	0	0	0	0	0	0	0	0	0	0	0	0	0	0	0	0	0	0	0	0	0	0	0	0	0	0	0	0	0	0	0	0	0	0
0	0	0	0	0	0	0	0	0	0	0	0	0	0	0	0	0	0	0	0	0	0	0	0	0	0	0	0	0	0	0	0	0	0	0	0	0	0	0	0	0	0	0	0	0	0	0	0	0	0	0	0	0	0	0	0	0	0	0	0	0	0	0	0	0	0	0	0	0	0	0	0	0	0	0	0	0	0	0	0	0	0	0	0	0	0	0	0	0	0	0	0	0	0	0	0	0	0	0	0
0	0	0	0	0	0	0	0	0	0	0	0	0	0	0	0	0	0	0	0	0	0	0	0	0	0	0	0	0	0	0	0	0	0	0	0	0	0	0	0	0	0	0	0	0	0	0	0	0	0	0	0	0	0	0	0	0	0	0	0	0	0	0	0	0	0	0	0	0	0	0	0	0	0	0	0	0	0	0	0	0	0	0	0	0	0	0	0	0	0	0	0	0	0	0	0	0	0	0	0
