# Go2-OpenManipulator kinematically transferred gait; foot x/y centered on the Go2 keyframe, stance grounded, base height=0.27m, and swing height=0.06m; source Go2-FK height=0.0930783m; max IK residual=5.51683e-08m; rows: 12 leg q, 4 arm q, 12 leg dq, 4 arm dq
4.6134225712664309e-11	5.0308042946032249e-11	5.2467932900998517e-11	5.356374070304074e-11	5.4112739972529887e-11	5.4384499072167388e-11	5.4516941309265972e-11	5.4578898684826762e-11	5.4605659599301492e-11	5.4614522951846494e-11	5.4614062223772064e-11	5.4608881748304184e-11	5.4601226951821345e-11	5.4592125722135054e-11	5.4582147071089413e-11	5.4571694616670805e-11	5.4560856237831997e-11	5.4549797331265454e-11	5.4538711218976718e-11	5.4527484545396095e-11	5.4516287573375666e-11	5.4505336384290118e-11	5.4494328749272246e-11	5.4483527518685441e-11	5.4473190053245267e-11	5.4463007925402283e-11	5.4453136880244356e-11	5.4443947922224963e-11	5.4435101216088428e-11	5.442683553736946e-11	5.4419296741089217e-11	5.441238699135481e-11	5.4406309065366479e-11	5.4421683360905079e-11	8.2579992411100889e-12	1.3873449731637482e-10	5.6594004159970442e-11	1.2876334336384811e-11	3.6542675487587225e-11	1.2928847753773181e-11	4.9301799296475838e-11	5.1515290301734551e-11	1.4135497488118343e-11	1.8696779769941468e-11	1.4644079305771963e-11	6.3393312029651193e-11	1.5294421682727087e-10	7.5123767552967401e-12	2.5203059474618984e-11	3.8382750325984097e-11	4.6134225712664309e-11	5.0308042946032249e-11	5.2467932900998517e-11	5.356374070304074e-11	5.4112739972529887e-11	5.4384499072167388e-11	5.4516941309265972e-11	5.4578898684826762e-11	5.4605659599301492e-11	5.4614522951846494e-11	5.4614062223772064e-11	5.4608881748304184e-11	5.4601226951821345e-11	5.4592125722135054e-11	5.4582147071089413e-11	5.4571694616670805e-11	5.4560856237831997e-11	5.4549797331265454e-11	5.4538711218976718e-11	5.4527484545396095e-11	5.4516287573375666e-11	5.4505336384290118e-11	5.4494328749272246e-11	5.4483527518685441e-11	5.4473190053245267e-11	5.4463007925402283e-11	5.4453136880244356e-11	5.4443947922224963e-11	5.4435101216088428e-11	5.442683553736946e-11	5.4419296741089217e-11	5.441238699135481e-11	5.4406309065366479e-11	5.4421683360905079e-11	8.2579992411100889e-12	1.3873449731637482e-10	5.6594004159970442e-11	1.2876334336384811e-11	3.6542675487587225e-11	1.2928847753773181e-11	4.9301799296475838e-11	5.1515290301734551e-11	1.4135497488118343e-11	1.8696779769941468e-11	1.4644079305771963e-11	6.3393312029651193e-11	1.5294421682727087e-10	7.5123767552967401e-12	2.5203059474618984e-11	3.8382750325984097e-11
0.89773940041041178	0.90054164860637254	0.90402778181563581	0.90785364244734024	0.91184546675674261	0.91591562184082087	0.92001991276362105	0.92413602660435501	0.9282526672721384	0.93236408363217105	0.93646731499665226	0.94056080485229931	0.94464370328651226	0.94871551600457649	0.95277592775119224	0.95682471348550768	0.96086169370772712	0.96488671199865705	0.96889962373416549	0.9729002904212436	0.9768885768618869	0.98086434973931513	0.98482747691953465	0.98877782711258977	0.99271526971459834	0.99663967474059256	1.0005509128028987	1.0044488551122743	1.0083333734903599	1.0122043403876586	1.0160616289041562	1.0199051128110994	1.0237346665732019	1.0147773936874391	1.0320523702690934	1.0482980460812155	1.0634758755486697	1.0775337780694887	1.0904020602556714	1.1019912264076541	1.112189319976147	1.0995852537886528	1.0658644086559217	1.0327625588664504	1.0001472978712866	0.96790134824163065	0.93591838644792769	0.90410065444591459	0.89755962460651251	0.89630071742130979	0.89773940041041178	0.90054164860637254	0.90402778181563581	0.90785364244734024	0.91184546675674261	0.91591562184082087	0.92001991276362105	0.92413602660435501	0.9282526672721384	0.93236408363217105	0.93646731499665226	0.94056080485229931	0.94464370328651226	0.94871551600457649	0.95277592775119224	0.95682471348550768	0.96086169370772712	0.96488671199865705	0.96889962373416549	0.9729002904212436	0.9768885768618869	0.98086434973931513	0.98482747691953465	0.98877782711258977	0.99271526971459834	0.99663967474059256	1.0005509128028987	1.0044488551122743	1.0083333734903599	1.0122043403876586	1.0160616289041562	1.0199051128110994	1.0237346665732019	1.0147773936874391	1.0320523702690934	1.0482980460812155	1.0634758755486697	1.0775337780694887	1.0904020602556714	1.1019912264076541	1.112189319976147	1.0995852537886528	1.0658644086559217	1.0327625588664504	1.0001472978712866	0.96790134824163065	0.93591838644792769	0.90410065444591459	0.89755962460651251	0.89630071742130979
-1.9122143746951847	-1.9094476139181271	-1.9081965284741607	-1.9076926460561765	-1.907550959785159	-1.9075787578286207	-1.9076796241551186	-1.9078053312624483	-1.9079317578400534	-1.9080468395983228	-1.9081445422957861	-1.9082218474748436	-1.9082772450508727	-1.9083099794980951	-1.9083196728973915	-1.9083061364406897	-1.9082692761744473	-1.9082090458673597	-1.9081254234421745	-1.9080183991903765	-1.9078879698786064	-1.9077341358009887	-1.9075568993043659	-1.9073562640498971	-1.9071322346427022	-1.906884816445422	-1.906614015483596	-1.9063198383968276	-1.9060022924127062	-1.905661385331989	-1.9052971255192725	-1.9049095218962979	-1.9044985839364339	-1.9054211396582745	-1.9552065522953317	-2.004093040704062	-2.0521402944251697	-2.0994010802642986	-2.1459200620884453	-2.1917347981219804	-2.2368763389142186	-2.2367436515595189	-2.1913571144326114	-2.145321406807541	-2.0986022099684618	-2.0511591320157185	-2.0029450748964903	-1.9539051125742903	-1.9299275187458318	-1.9180278709442562	-1.9122143746951847	-1.9094476139181271	-1.9081965284741607	-1.9076926460561765	-1.907550959785159	-1.9075787578286207	-1.9076796241551186	-1.9078053312624483	-1.9079317578400534	-1.9080468395983228	-1.9081445422957861	-1.9082218474748436	-1.9082772450508727	-1.9083099794980951	-1.9083196728973915	-1.9083061364406897	-1.9082692761744473	-1.9082090458673597	-1.9081254234421745	-1.9080183991903765	-1.9078879698786064	-1.9077341358009887	-1.9075568993043659	-1.9073562640498971	-1.9071322346427022	-1.906884816445422	-1.906614015483596	-1.9063198383968276	-1.9060022924127062	-1.905661385331989	-1.9052971255192725	-1.9049095218962979	-1.9044985839364339	-1.9054211396582745	-1.9552065522953317	-2.004093040704062	-2.0521402944251697	-2.0994010802642986	-2.1459200620884453	-2.1917347981219804	-2.2368763389142186	-2.2367436515595189	-2.1913571144326114	-2.145321406807541	-2.0986022099684618	-2.0511591320157185	-2.0029450748964903	-1.9539051125742903	-1.9299275187458318	-1.9180278709442562
-5.4462990908535188e-11	-5.4453139466775266e-11	-5.4443857692796299e-11	-5.4435089089898581e-11	-5.4426842191336866e-11	-5.4419291657678887e-11	-5.4412398880407692e-11	-5.4406290767131268e-11	-5.4421703638524766e-11	-8.2578943662716639e-12	-1.3873449445829871e-10	-5.6594007371151755e-11	-1.2876334364035805e-11	-3.6542675489535785e-11	-1.2928849178903633e-11	-4.9301798251089943e-11	-5.1515291801047388e-11	-1.4135493063602866e-11	-1.8696779762839945e-11	-1.4644079720526939e-11	-6.3393317896802746e-11	-1.5294421369711356e-10	-7.5123874165054684e-12	-2.5203433891141202e-11	-3.8382752986799962e-11	-4.6134216509103744e-11	-5.0307804837681571e-11	-5.2467926295326878e-11	-5.3563475934605153e-11	-5.4112496061651969e-11	-5.4384481056337429e-11	-5.4516930417642362e-11	-5.4579130858673533e-11	-5.4605754547142077e-11	-5.4614506050118805e-11	-5.4614071021516994e-11	-5.4608883750198727e-11	-5.4601235475857173e-11	-5.4592117550613825e-11	-5.4582145321405549e-11	-5.4571602649585484e-11	-5.4560484056572651e-11	-5.4549901600353726e-11	-5.4538712167431107e-11	-5.4527485272870838e-11	-5.4516286441695808e-11	-5.4505470549894301e-11	-5.4494336549200783e-11	-5.4483513068598664e-11	-5.4473188993517715e-11	-5.4462990908535188e-11	-5.4453139466775266e-11	-5.4443857692796299e-11	-5.4435089089898581e-11	-5.4426842191336866e-11	-5.4419291657678887e-11	-5.4412398880407692e-11	-5.4406290767131268e-11	-5.4421703638524766e-11	-8.2578943662716639e-12	-1.3873449445829871e-10	-5.6594007371151755e-11	-1.2876334364035805e-11	-3.6542675489535785e-11	-1.2928849178903633e-11	-4.9301798251089943e-11	-5.1515291801047388e-11	-1.4135493063602866e-11	-1.8696779762839945e-11	-1.4644079720526939e-11	-6.3393317896802746e-11	-1.5294421369711356e-10	-7.5123874165054684e-12	-2.5203433891141202e-11	-3.8382752986799962e-11	-4.6134216509103744e-11	-5.0307804837681571e-11	-5.2467926295326878e-11	-5.3563475934605153e-11	-5.4112496061651969e-11	-5.4384481056337429e-11	-5.4516930417642362e-11	-5.4579130858673533e-11	-5.4605754547142077e-11	-5.4614506050118805e-11	-5.4614071021516994e-11	-5.4608883750198727e-11	-5.4601235475857173e-11	-5.4592117550613825e-11	-5.4582145321405549e-11	-5.4571602649585484e-11	-5.4560484056572651e-11	-5.4549901600353726e-11	-5.4538712167431107e-11	-5.4527485272870838e-11	-5.4516286441695808e-11	-5.4505470549894301e-11	-5.4494336549200783e-11	-5.4483513068598664e-11	-5.4473188993517715e-11
0.99663967474059201	1.0005509128028982	1.0044488551122734	1.0083333734903595	1.0122043403876584	1.0160616289041555	1.0199051128110987	1.0237346665732014	1.0147773936874382	1.0320523702690929	1.0482980460812146	1.0634758755486688	1.0775337780694876	1.0904020602556705	1.1019912264076535	1.1121893199761459	1.0995852537886517	1.0658644086559208	1.0327625588664495	1.0001472978712855	0.96790134824162988	0.9359183864479268	0.90410065444591359	0.89755962460651184	0.89630071742130923	0.89773940041041111	0.90054164860637176	0.90402778181563503	0.90785364244733957	0.9118454667567415	0.91591562184082009	0.92001991276362005	0.92413602660435423	0.92825266727213795	0.93236408363217005	0.93646731499665115	0.94056080485229854	0.94464370328651137	0.94871551600457538	0.95277592775119169	0.95682471348550679	0.96086169370772645	0.96488671199865661	0.96889962373416483	0.97290029042124315	0.97688857686188613	0.98086434973931436	0.98482747691953409	0.98877782711258921	0.99271526971459723	0.99663967474059201	1.0005509128028982	1.0044488551122734	1.0083333734903595	1.0122043403876584	1.0160616289041555	1.0199051128110987	1.0237346665732014	1.0147773936874382	1.0320523702690929	1.0482980460812146	1.0634758755486688	1.0775337780694876	1.0904020602556705	1.1019912264076535	1.1121893199761459	1.0995852537886517	1.0658644086559208	1.0327625588664495	1.0001472978712855	0.96790134824162988	0.9359183864479268	0.90410065444591359	0.89755962460651184	0.89630071742130923	0.89773940041041111	0.90054164860637176	0.90402778181563503	0.90785364244733957	0.9118454667567415	0.91591562184082009	0.92001991276362005	0.92413602660435423	0.92825266727213795	0.93236408363217005	0.93646731499665115	0.94056080485229854	0.94464370328651137	0.94871551600457538	0.95277592775119169	0.95682471348550679	0.96086169370772645	0.96488671199865661	0.96889962373416483	0.97290029042124315	0.97688857686188613	0.98086434973931436	0.98482747691953409	0.98877782711258921	0.99271526971459723
-1.906884816445422	-1.9066140154835962	-1.9063198383968274	-1.9060022924127062	-1.905661385331989	-1.9052971255192725	-1.9049095218962984	-1.9044985839364343	-1.9054211396582743	-1.9552065522953315	-2.004093040704062	-2.0521402944251692	-2.0994010802642982	-2.1459200620884453	-2.1917347981219804	-2.236876338914219	-2.2367436515595185	-2.1913571144326114	-2.145321406807541	-2.0986022099684618	-2.0511591320157185	-2.0029450748964903	-1.9539051125742901	-1.9299275187458318	-1.9180278709442562	-1.9122143746951845	-1.9094476139181269	-1.9081965284741602	-1.9076926460561765	-1.9075509597851585	-1.9075787578286205	-1.9076796241551186	-1.9078053312624483	-1.9079317578400536	-1.9080468395983223	-1.9081445422957857	-1.908221847474844	-1.9082772450508723	-1.9083099794980949	-1.9083196728973917	-1.9083061364406899	-1.9082692761744473	-1.90820904586736	-1.9081254234421743	-1.908018399190377	-1.9078879698786064	-1.9077341358009887	-1.9075568993043659	-1.9073562640498973	-1.907132234642702	-1.906884816445422	-1.9066140154835962	-1.9063198383968274	-1.9060022924127062	-1.905661385331989	-1.9052971255192725	-1.9049095218962984	-1.9044985839364343	-1.9054211396582743	-1.9552065522953315	-2.004093040704062	-2.0521402944251692	-2.0994010802642982	-2.1459200620884453	-2.1917347981219804	-2.236876338914219	-2.2367436515595185	-2.1913571144326114	-2.145321406807541	-2.0986022099684618	-2.0511591320157185	-2.0029450748964903	-1.9539051125742901	-1.9299275187458318	-1.9180278709442562	-1.9122143746951845	-1.9094476139181269	-1.9081965284741602	-1.9076926460561765	-1.9075509597851585	-1.9075787578286205	-1.9076796241551186	-1.9078053312624483	-1.9079317578400536	-1.9080468395983223	-1.9081445422957857	-1.908221847474844	-1.9082772450508723	-1.9083099794980949	-1.9083196728973917	-1.9083061364406899	-1.9082692761744473	-1.90820904586736	-1.9081254234421743	-1.908018399190377	-1.9078879698786064	-1.9077341358009887	-1.9075568993043659	-1.9073562640498973	-1.907132234642702
5.4463001429992993e-11	5.445313136517975e-11	5.4443956520251269e-11	5.4435097864925822e-11	5.4426848349866098e-11	5.4419291490734814e-11	5.4412393210271536e-11	5.4406292016426283e-11	5.4421693537177933e-11	8.2579959884704843e-12	1.3873450135348274e-10	5.6594006273531885e-11	1.2876333434743468e-11	3.6542675475441157e-11	1.292884933433666e-11	4.9301798315883e-11	5.151528945875148e-11	1.4135495680867671e-11	1.8696779776067209e-11	1.4644080901060498e-11	6.3393312806339047e-11	1.5294421999923059e-10	7.5123795816244142e-12	2.5203067453553541e-11	3.838275100724426e-11	4.6134213741375612e-11	5.0307952153305996e-11	5.2467941014736217e-11	5.3563740811341843e-11	5.4112741003084434e-11	5.4384587214622675e-11	5.4516930660060048e-11	5.4579000714946393e-11	5.4605754222400895e-11	5.4614510259350602e-11	5.4614069821267999e-11	5.4608888222557503e-11	5.4601232945535668e-11	5.4592025231707909e-11	5.458214563048572e-11	5.4571594461394083e-11	5.4560844660580711e-11	5.4549895465715124e-11	5.4538711065097963e-11	5.4527485318297116e-11	5.4516289499330892e-11	5.4505316597195979e-11	5.4494336231803311e-11	5.4483525764884698e-11	5.447318630591526e-11	5.4463001429992993e-11	5.445313136517975e-11	5.4443956520251269e-11	5.4435097864925822e-11	5.4426848349866098e-11	5.4419291490734814e-11	5.4412393210271536e-11	5.4406292016426283e-11	5.4421693537177933e-11	8.2579959884704843e-12	1.3873450135348274e-10	5.6594006273531885e-11	1.2876333434743468e-11	3.6542675475441157e-11	1.292884933433666e-11	4.9301798315883e-11	5.151528945875148e-11	1.4135495680867671e-11	1.8696779776067209e-11	1.4644080901060498e-11	6.3393312806339047e-11	1.5294421999923059e-10	7.5123795816244142e-12	2.5203067453553541e-11	3.838275100724426e-11	4.6134213741375612e-11	5.0307952153305996e-11	5.2467941014736217e-11	5.3563740811341843e-11	5.4112741003084434e-11	5.4384587214622675e-11	5.4516930660060048e-11	5.4579000714946393e-11	5.4605754222400895e-11	5.4614510259350602e-11	5.4614069821267999e-11	5.4608888222557503e-11	5.4601232945535668e-11	5.4592025231707909e-11	5.458214563048572e-11	5.4571594461394083e-11	5.4560844660580711e-11	5.4549895465715124e-11	5.4538711065097963e-11	5.4527485318297116e-11	5.4516289499330892e-11	5.4505316597195979e-11	5.4494336231803311e-11	5.4483525764884698e-11	5.447318630591526e-11
0.99663967474059256	1.0005509128028984	1.0044488551122743	1.0083333734903599	1.0122043403876586	1.016061628904156	1.0199051128110992	1.0237346665732017	1.0147773936874391	1.0320523702690936	1.0482980460812152	1.0634758755486697	1.0775337780694889	1.0904020602556712	1.1019912264076537	1.112189319976147	1.0995852537886524	1.0658644086559217	1.0327625588664502	1.0001472978712864	0.96790134824163054	0.93591838644792757	0.90410065444591392	0.89755962460651262	0.89630071742131001	0.89773940041041178	0.90054164860637231	0.90402778181563614	0.90785364244734024	0.91184546675674238	0.91591562184082076	0.92001991276362094	0.92413602660435434	0.9282526672721384	0.93236408363217049	0.93646731499665226	0.94056080485229943	0.94464370328651204	0.94871551600457638	0.95277592775119202	0.95682471348550757	0.96086169370772656	0.96488671199865661	0.9688996237341656	0.9729002904212436	0.97688857686188701	0.98086434973931524	0.98482747691953454	0.9887778271125901	0.99271526971459823	0.99663967474059256	1.0005509128028984	1.0044488551122743	1.0083333734903599	1.0122043403876586	1.016061628904156	1.0199051128110992	1.0237346665732017	1.0147773936874391	1.0320523702690936	1.0482980460812152	1.0634758755486697	1.0775337780694889	1.0904020602556712	1.1019912264076537	1.112189319976147	1.0995852537886524	1.0658644086559217	1.0327625588664502	1.0001472978712864	0.96790134824163054	0.93591838644792757	0.90410065444591392	0.89755962460651262	0.89630071742131001	0.89773940041041178	0.90054164860637231	0.90402778181563614	0.90785364244734024	0.91184546675674238	0.91591562184082076	0.92001991276362094	0.92413602660435434	0.9282526672721384	0.93236408363217049	0.93646731499665226	0.94056080485229943	0.94464370328651204	0.94871551600457638	0.95277592775119202	0.95682471348550757	0.96086169370772656	0.96488671199865661	0.9688996237341656	0.9729002904212436	0.97688857686188701	0.98086434973931524	0.98482747691953454	0.9887778271125901	0.99271526971459823
-1.906884816445422	-1.906614015483596	-1.9063198383968276	-1.9060022924127062	-1.905661385331989	-1.9052971255192728	-1.9049095218962979	-1.9044985839364339	-1.9054211396582748	-1.9552065522953319	-2.004093040704062	-2.0521402944251697	-2.0994010802642986	-2.1459200620884453	-2.1917347981219799	-2.2368763389142186	-2.2367436515595189	-2.1913571144326114	-2.145321406807541	-2.0986022099684618	-2.0511591320157181	-2.0029450748964903	-1.9539051125742899	-1.929927518745832	-1.9180278709442564	-1.9122143746951845	-1.9094476139181267	-1.9081965284741611	-1.9076926460561765	-1.907550959785159	-1.9075787578286207	-1.9076796241551186	-1.9078053312624479	-1.9079317578400536	-1.9080468395983223	-1.9081445422957861	-1.9082218474748436	-1.9082772450508727	-1.9083099794980951	-1.9083196728973915	-1.9083061364406897	-1.9082692761744469	-1.9082090458673597	-1.9081254234421745	-1.9080183991903765	-1.9078879698786064	-1.9077341358009887	-1.9075568993043659	-1.9073562640498973	-1.9071322346427022	-1.906884816445422	-1.906614015483596	-1.9063198383968276	-1.9060022924127062	-1.905661385331989	-1.9052971255192728	-1.9049095218962979	-1.9044985839364339	-1.9054211396582748	-1.9552065522953319	-2.004093040704062	-2.0521402944251697	-2.0994010802642986	-2.1459200620884453	-2.1917347981219799	-2.2368763389142186	-2.2367436515595189	-2.1913571144326114	-2.145321406807541	-2.0986022099684618	-2.0511591320157181	-2.0029450748964903	-1.9539051125742899	-1.929927518745832	-1.9180278709442564	-1.9122143746951845	-1.9094476139181267	-1.9081965284741611	-1.9076926460561765	-1.907550959785159	-1.9075787578286207	-1.9076796241551186	-1.9078053312624479	-1.9079317578400536	-1.9080468395983223	-1.9081445422957861	-1.9082218474748436	-1.9082772450508727	-1.9083099794980951	-1.9083196728973915	-1.9083061364406897	-1.9082692761744469	-1.9082090458673597	-1.9081254234421745	-1.9080183991903765	-1.9078879698786064	-1.9077341358009887	-1.9075568993043659	-1.9073562640498973	-1.9071322346427022
-4.6134230574800517e-11	-5.0307801839213889e-11	-5.2467945890075882e-11	-5.3563481011512189e-11	-5.4112599237782362e-11	-5.4384486565017856e-11	-5.451692768349859e-11	-5.4579127965158527e-11	-5.4605746181038189e-11	-5.4614513407332834e-11	-5.4614077959629212e-11	-5.4608894725055732e-11	-5.4601221217665545e-11	-5.4592021806463835e-11	-5.4582163570255596e-11	-5.4571701299341379e-11	-5.4560484062108971e-11	-5.4549897467818116e-11	-5.4538713047430511e-11	-5.4527497485493615e-11	-5.4516283392567449e-11	-5.450546946181596e-11	-5.4494338915318666e-11	-5.4483518111653334e-11	-5.4473197309365417e-11	-5.4463012722260706e-11	-5.4453128640253252e-11	-5.4443849424818366e-11	-5.4435103020123849e-11	-5.4426834494412167e-11	-5.4419296755494567e-11	-5.44123836772896e-11	-5.4406300024032575e-11	-5.4421707215995716e-11	-8.2579969807108521e-12	-1.3873449339317794e-10	-5.6594009808378218e-11	-1.2876333197267772e-11	-3.6542675512305534e-11	-1.2928847834614369e-11	-4.9301656387800055e-11	-5.1515294950982594e-11	-1.4135492527534408e-11	-1.8696779760942589e-11	-1.4644078658964287e-11	-6.3393318091427591e-11	-1.529442191448804e-10	-7.5123839389124418e-12	-2.5203431079120857e-11	-3.8382756578610088e-11	-4.6134230574800517e-11	-5.0307801839213889e-11	-5.2467945890075882e-11	-5.3563481011512189e-11	-5.4112599237782362e-11	-5.4384486565017856e-11	-5.451692768349859e-11	-5.4579127965158527e-11	-5.4605746181038189e-11	-5.4614513407332834e-11	-5.4614077959629212e-11	-5.4608894725055732e-11	-5.4601221217665545e-11	-5.4592021806463835e-11	-5.4582163570255596e-11	-5.4571701299341379e-11	-5.4560484062108971e-11	-5.4549897467818116e-11	-5.4538713047430511e-11	-5.4527497485493615e-11	-5.4516283392567449e-11	-5.450546946181596e-11	-5.4494338915318666e-11	-5.4483518111653334e-11	-5.4473197309365417e-11	-5.4463012722260706e-11	-5.4453128640253252e-11	-5.4443849424818366e-11	-5.4435103020123849e-11	-5.4426834494412167e-11	-5.4419296755494567e-11	-5.44123836772896e-11	-5.4406300024032575e-11	-5.4421707215995716e-11	-8.2579969807108521e-12	-1.3873449339317794e-10	-5.6594009808378218e-11	-1.2876333197267772e-11	-3.6542675512305534e-11	-1.2928847834614369e-11	-4.9301656387800055e-11	-5.1515294950982594e-11	-1.4135492527534408e-11	-1.8696779760942589e-11	-1.4644078658964287e-11	-6.3393318091427591e-11	-1.529442191448804e-10	-7.5123839389124418e-12	-2.5203431079120857e-11	-3.8382756578610088e-11
0.89773940041041134	0.90054164860637154	0.90402778181563548	0.90785364244734057	0.91184546675674161	0.91591562184082032	0.92001991276362038	0.92413602660435412	0.92825266727213762	0.93236408363217016	0.93646731499665148	0.94056080485229898	0.94464370328651215	0.94871551600457582	0.95277592775119191	0.95682471348550724	0.96086169370772656	0.96488671199865683	0.96889962373416494	0.97290029042124337	0.97688857686188635	0.98086434973931491	0.98482747691953454	0.98877782711258955	0.99271526971459789	0.99663967474059234	1.0005509128028982	1.0044488551122737	1.0083333734903595	1.0122043403876584	1.0160616289041557	1.0199051128110994	1.0237346665732017	1.0147773936874385	1.0320523702690927	1.0482980460812146	1.0634758755486693	1.077533778069488	1.090402060255671	1.1019912264076535	1.1121893199761463	1.0995852537886517	1.0658644086559215	1.0327625588664497	1.0001472978712864	0.96790134824162999	0.93591838644792691	0.90410065444591381	0.89755962460651217	0.89630071742130957	0.89773940041041134	0.90054164860637154	0.90402778181563548	0.90785364244734057	0.91184546675674161	0.91591562184082032	0.92001991276362038	0.92413602660435412	0.92825266727213762	0.93236408363217016	0.93646731499665148	0.94056080485229898	0.94464370328651215	0.94871551600457582	0.95277592775119191	0.95682471348550724	0.96086169370772656	0.96488671199865683	0.96889962373416494	0.97290029042124337	0.97688857686188635	0.98086434973931491	0.98482747691953454	0.98877782711258955	0.99271526971459789	0.99663967474059234	1.0005509128028982	1.0044488551122737	1.0083333734903595	1.0122043403876584	1.0160616289041557	1.0199051128110994	1.0237346665732017	1.0147773936874385	1.0320523702690927	1.0482980460812146	1.0634758755486693	1.077533778069488	1.090402060255671	1.1019912264076535	1.1121893199761463	1.0995852537886517	1.0658644086559215	1.0327625588664497	1.0001472978712864	0.96790134824162999	0.93591838644792691	0.90410065444591381	0.89755962460651217	0.89630071742130957
-1.9122143746951847	-1.9094476139181267	-1.9081965284741604	-1.9076926460561769	-1.9075509597851588	-1.9075787578286205	-1.9076796241551184	-1.9078053312624481	-1.907931757840053	-1.9080468395983221	-1.9081445422957859	-1.9082218474748438	-1.9082772450508727	-1.9083099794980951	-1.9083196728973915	-1.9083061364406901	-1.9082692761744471	-1.90820904586736	-1.9081254234421743	-1.9080183991903765	-1.9078879698786064	-1.9077341358009892	-1.9075568993043661	-1.9073562640498971	-1.9071322346427024	-1.906884816445422	-1.906614015483596	-1.9063198383968272	-1.906002292412706	-1.905661385331989	-1.905297125519273	-1.9049095218962981	-1.9044985839364341	-1.9054211396582743	-1.9552065522953312	-2.004093040704062	-2.0521402944251697	-2.0994010802642986	-2.1459200620884453	-2.1917347981219804	-2.236876338914219	-2.2367436515595185	-2.1913571144326114	-2.145321406807541	-2.0986022099684623	-2.0511591320157181	-2.0029450748964903	-1.9539051125742899	-1.929927518745832	-1.9180278709442562	-1.9122143746951847	-1.9094476139181267	-1.9081965284741604	-1.9076926460561769	-1.9075509597851588	-1.9075787578286205	-1.9076796241551184	-1.9078053312624481	-1.907931757840053	-1.9080468395983221	-1.9081445422957859	-1.9082218474748438	-1.9082772450508727	-1.9083099794980951	-1.9083196728973915	-1.9083061364406901	-1.9082692761744471	-1.90820904586736	-1.9081254234421743	-1.9080183991903765	-1.9078879698786064	-1.9077341358009892	-1.9075568993043661	-1.9073562640498971	-1.9071322346427024	-1.906884816445422	-1.906614015483596	-1.9063198383968272	-1.906002292412706	-1.905661385331989	-1.905297125519273	-1.9049095218962981	-1.9044985839364341	-1.9054211396582743	-1.9552065522953312	-2.004093040704062	-2.0521402944251697	-2.0994010802642986	-2.1459200620884453	-2.1917347981219804	-2.236876338914219	-2.2367436515595185	-2.1913571144326114	-2.145321406807541	-2.0986022099684623	-2.0511591320157181	-2.0029450748964903	-1.9539051125742899	-1.929927518745832	-1.9180278709442562
0	0	0	0	0	0	0	0	0	0	0	0	0	0	0	0	0	0	0	0	0	0	0	0	0	0	0	0	0	0	0	0	0	0	0	0	0	0	0	0	0	0	0	0	0	0	0	0	0	0	0	0	0	0	0	0	0	0	0	0	0	0	0	0	0	0	0	0	0	0	0	0	0	0	0	0	0	0	0	0	0	0	0	0	0	0	0	0	0	0	0	0	0	0	0	0	0	0	0	0
0	0	0	0	0	0	0	0	0	0	0	0	0	0	0	0	0	0	0	0	0	0	0	0	0	0	0	0	0	0	0	0	0	0	0	0	0	0	0	0	0	0	0	0	0	0	0	0	0	0	0	0	0	0	0	0	0	0	0	0	0	0	0	0	0	0	0	0	0	0	0	0	0	0	0	0	0	0	0	0	0	0	0	0	0	0	0	0	0	0	0	0	0	0	0	0	0	0	0	0
0	0	0	0	0	0	0	0	0	0	0	0	0	0	0	0	0	0	0	0	0	0	0	0	0	0	0	0	0	0	0	0	0	0	0	0	0	0	0	0	0	0	0	0	0	0	0	0	0	0	0	0	0	0	0	0	0	0	0	0	0	0	0	0	0	0	0	0	0	0	0	0	0	0	0	0	0	0	0	0	0	0	0	0	0	0	0	0	0	0	0	0	0	0	0	0	0	0	0	0
0	0	0	0	0	0	0	0	0	0	0	0	0	0	0	0	0	0	0	0	0	0	0	0	0	0	0	0	0	0	0	0	0	0	0	0	0	0	0	0	0	0	0	0	0	0	0	0	0	0	0	0	0	0	0	0	0	0	0	0	0	0	0	0	0	0	0	0	0	0	0	0	0	0	0	0	0	0	0	0	0	0	0	0	0	0	0	0	0	0	0	0	0	0	0	0	0	0	0	0
5.9626463100240757e-10	3.1668535941671036e-10	1.6278488785042456e-10	8.2240353576568522e-11	4.1037918456332429e-11	2.0210066836804238e-11	9.7199806329686936e-12	4.4359145017760246e-12	1.7812133509866037e-12	4.2013122352859195e-13	-2.8206017711549726e-13	-6.4176359753596541e-13	-8.3780130845651405e-13	-9.5399403659658909e-13	-1.0215552732124438e-12	-1.0645416628707982e-12	-1.0948642702675742e-12	-1.1072509427639673e-12	-1.1156392934679274e-12	-1.1211822800526098e-12	-1.107408055298846e-12	-1.0979412051709794e-12	-1.0904432802338733e-12	-1.0569348013489462e-12	-1.0259796641578742e-12	-1.0026586500455383e-12	-9.5300015886604065e-13	-9.0178320779642289e-13	-8.5561924277515282e-13	-7.9022374996054694e-13	-7.22427300732482e-13	-6.493837861368976e-13	4.6481847751347347e-13	-2.3074154912128195e-09	4.215640697773487e-09	2.4168002459430177e-09	-6.2929081489995004e-09	-1.0025664336191609e-09	2.6256708694184867e-12	6.3795619044443062e-10	1.9293221273980685e-09	-1.7583150904178747e-09	-1.6409255265896543e-09	2.5429090882680982e-11	2.2348266129854866e-09	6.9150068760749455e-09	-2.7940467637177227e-09	-6.3870578676325945e-09	1.5435186785343679e-09	1.0465583119022663e-09	5.9626463100240757e-10	3.1668535941671036e-10	1.6278488785042456e-10	8.2240353576568522e-11	4.1037918456332429e-11	2.0210066836804238e-11	9.7199806329686936e-12	4.4359145017760246e-12	1.7812133509866037e-12	4.2013122352859195e-13	-2.8206017711549726e-13	-6.4176359753596541e-13	-8.3780130845651405e-13	-9.5399403659658909e-13	-1.0215552732124438e-12	-1.0645416628707982e-12	-1.0948642702675742e-12	-1.1072509427639673e-12	-1.1156392934679274e-12	-1.1211822800526098e-12	-1.107408055298846e-12	-1.0979412051709794e-12	-1.0904432802338733e-12	-1.0569348013489462e-12	-1.0259796641578742e-12	-1.0026586500455383e-12	-9.5300015886604065e-13	-9.0178320779642289e-13	-8.5561924277515282e-13	-7.9022374996054694e-13	-7.22427300732482e-13	-6.493837861368976e-13	4.6481847751347347e-13	-2.3074154912128195e-09	4.215640697773487e-09	2.4168002459430177e-09	-6.2929081489995004e-09	-1.0025664336191609e-09	2.6256708694184867e-12	6.3795619044443062e-10	1.9293221273980685e-09	-1.7583150904178747e-09	-1.6409255265896543e-09	2.5429090882680982e-11	2.2348266129854866e-09	6.9150068760749455e-09	-2.7940467637177227e-09	-6.3870578676325945e-09	1.5435186785343679e-09	1.0465583119022663e-09
0.21204655925313731	0.31441907026120153	0.36559969204838505	0.39088424705533975	0.40309896967403169	0.40872230034392221	0.41102023817670696	0.41163772542586741	0.4114028513908019	0.41073238622569286	0.40983606100641334	0.40881941449300019	0.4077355576138586	0.40661122323399912	0.40545987404655981	0.40428829782674369	0.40309992565746855	0.4018965013219189	0.40067892112932713	0.39944765638607049	0.39820296590357684	0.39694500288238732	0.39567386866373178	0.39438963975318431	0.39309238140013969	0.39178215441501574	0.39045901858408838	0.38912303437306228	0.38777426376921387	0.38641277068981461	0.38503862117204024	0.38365188345228507	-0.25638595618301396	0.41588518479457326	1.6760326196888164	1.571175263978819	1.4617865994136614	1.346309235350085	1.2228724169082716	1.0893629860237786	-0.12029863095006643	-2.3162455660112657	-3.3411347461101193	-3.2858555392317523	-3.2430605312409879	-3.2114455711679479	-3.1900346897858034	-1.9179380920707589	-0.38999685123023986	0.0089887901949636806	0.21204655925313731	0.31441907026120153	0.36559969204838505	0.39088424705533975	0.40309896967403169	0.40872230034392221	0.41102023817670696	0.41163772542586741	0.4114028513908019	0.41073238622569286	0.40983606100641334	0.40881941449300019	0.4077355576138586	0.40661122323399912	0.40545987404655981	0.40428829782674369	0.40309992565746855	0.4018965013219189	0.40067892112932713	0.39944765638607049	0.39820296590357684	0.39694500288238732	0.39567386866373178	0.39438963975318431	0.39309238140013969	0.39178215441501574	0.39045901858408838	0.38912303437306228	0.38777426376921387	0.38641277068981461	0.38503862117204024	0.38365188345228507	-0.25638595618301396	0.41588518479457326	1.6760326196888164	1.571175263978819	1.4617865994136614	1.346309235350085	1.2228724169082716	1.0893629860237786	-0.12029863095006643	-2.3162455660112657	-3.3411347461101193	-3.2858555392317523	-3.2430605312409879	-3.2114455711679479	-3.1900346897858034	-1.9179380920707589	-0.38999685123023986	0.0089887901949636806
0.42901285130645395	0.20089231105120398	0.087748393097530908	0.032278434450083715	0.0056944113777879224	-0.0064332184979809526	-0.011328671691379633	-0.01260668424674094	-0.012075416793722038	-0.010639222786634761	-0.0087503938260402592	-0.0066351377543294454	-0.0044066011625765178	-0.0021213923259377765	0.00019215287027085637	0.0025198361472078545	0.004854528666498048	0.0071926366136398912	0.0095323338491604126	0.011872678178403984	0.01421316946939033	0.016553528712026644	0.018893587554580371	0.021233233083184366	0.023572380223757516	0.025910957955310732	0.028248902429717226	0.030586153544487349	0.032922653241929112	0.03525834467168476	0.037593171784555679	0.039927079141932609	-0.025580888098830634	-2.5353984179448896	-4.933595052289375	-4.8466871064918982	-4.7654019780118295	-4.6889883831637835	-4.616685892884087	-4.5478138412886615	-2.2504426718769288	2.2759612240803584	4.5711122375988955	4.637745223207479	4.7081137395911243	4.7828567535985744	4.8627009720714103	3.6508778075329262	1.793862081501707	0.88565720253235281	0.42901285130645395	0.20089231105120398	0.087748393097530908	0.032278434450083715	0.0056944113777879224	-0.0064332184979809526	-0.011328671691379633	-0.01260668424674094	-0.012075416793722038	-0.010639222786634761	-0.0087503938260402592	-0.0066351377543294454	-0.0044066011625765178	-0.0021213923259377765	0.00019215287027085637	0.0025198361472078545	0.004854528666498048	0.0071926366136398912	0.0095323338491604126	0.011872678178403984	0.01421316946939033	0.016553528712026644	0.018893587554580371	0.021233233083184366	0.023572380223757516	0.025910957955310732	0.028248902429717226	0.030586153544487349	0.032922653241929112	0.03525834467168476	0.037593171784555679	0.039927079141932609	-0.025580888098830634	-2.5353984179448896	-4.933595052289375	-4.8466871064918982	-4.7654019780118295	-4.6889883831637835	-4.616685892884087	-4.5478138412886615	-2.2504426718769288	2.2759612240803584	4.5711122375988955	4.637745223207479	4.7081137395911243	4.7828567535985744	4.8627009720714103	3.6508778075329262	1.793862081501707	0.88565720253235281
1.0024763371224259e-12	9.5666078694445384e-13	9.0251884383427631e-13	8.5077507297169308e-13	7.8987161098469505e-13	7.221655464586748e-13	6.5004452738093409e-13	-4.6523790585371823e-13	2.3074198200429802e-09	-4.2156395409886973e-09	-2.4168056502440045e-09	6.2929080047131454e-09	1.0025665940807985e-09	-2.6257407433914215e-12	-6.3795613807770785e-10	-1.9293221311071878e-09	1.7583152593743538e-09	1.6409256019103723e-09	-2.5429332846203684e-11	-2.2348269066981402e-09	-6.9150066988293309e-09	2.7940465240148639e-09	6.3870389902986177e-09	-1.5435182785147247e-09	-1.0465391308981271e-09	-5.9625259254408046e-10	-3.166854893111567e-10	-1.6278355484617909e-10	-8.2228488316254558e-11	-4.1050256086613793e-11	-2.0221717799519627e-11	-9.7324901168051963e-12	-4.4412064749857947e-12	-1.7687595722636053e-12	-4.1582371874582539e-13	2.8111499600391819e-13	6.4177728299104592e-13	8.3830997924509562e-13	9.5450772258122457e-13	1.0257450514170441e-12	1.0830632416448686e-12	1.085052461587881e-12	1.0885944570772031e-12	1.1208163741443871e-12	1.121286286764982e-12	1.1007361488268913e-12	1.0974946247512047e-12	1.0978740647818148e-12	1.0573777841534417e-12	1.0261080031737862e-12	1.0024763371224259e-12	9.5666078694445384e-13	9.0251884383427631e-13	8.5077507297169308e-13	7.8987161098469505e-13	7.221655464586748e-13	6.5004452738093409e-13	-4.6523790585371823e-13	2.3074198200429802e-09	-4.2156395409886973e-09	-2.4168056502440045e-09	6.2929080047131454e-09	1.0025665940807985e-09	-2.6257407433914215e-12	-6.3795613807770785e-10	-1.9293221311071878e-09	1.7583152593743538e-09	1.6409256019103723e-09	-2.5429332846203684e-11	-2.2348269066981402e-09	-6.9150066988293309e-09	2.7940465240148639e-09	6.3870389902986177e-09	-1.5435182785147247e-09	-1.0465391308981271e-09	-5.9625259254408046e-10	-3.166854893111567e-10	-1.6278355484617909e-10	-8.2228488316254558e-11	-4.1050256086613793e-11	-2.0221717799519627e-11	-9.7324901168051963e-12	-4.4412064749857947e-12	-1.7687595722636053e-12	-4.1582371874582539e-13	2.8111499600391819e-13	6.4177728299104592e-13	8.3830997924509562e-13	9.5450772258122457e-13	1.0257450514170441e-12	1.0830632416448686e-12	1.085052461587881e-12	1.0885944570772031e-12	1.1208163741443871e-12	1.121286286764982e-12	1.1007361488268913e-12	1.0974946247512047e-12	1.0978740647818148e-12	1.0573777841534417e-12	1.0261080031737862e-12
0.39178215441504904	0.39045901858407173	0.38912303437306228	0.38777426376924717	0.38641277068980351	0.38503862117201804	0.38365188345229617	-0.25638595618302507	0.41588518479457326	1.6760326196888164	1.5711752639787968	1.4617865994136503	1.346309235350085	1.2228724169082938	1.0893629860237675	-0.12029863095008864	-2.3162455660112546	-3.3411347461101082	-3.2858555392317634	-3.2430605312409821	-3.2114455711679368	-3.1900346897858145	-1.9179380920707478	-0.38999685123021766	0.0089887901949636806	0.21204655925312621	0.31441907026119598	0.3655996920483906	0.3908842470553231	0.40309896967402614	0.40872230034392776	0.41102023817670696	0.41163772542589516	0.4114028513907908	0.41073238622565955	0.40983606100642445	0.40881941449301129	0.40773555761384195	0.40661122323401577	0.40545987404657091	0.40428829782673814	0.40309992565749075	0.4018965013219189	0.40067892112932713	0.39944765638606494	0.39820296590356019	0.39694500288239842	0.39567386866374288	0.39438963975315655	0.39309238140013969	0.39178215441504904	0.39045901858407173	0.38912303437306228	0.38777426376924717	0.38641277068980351	0.38503862117201804	0.38365188345229617	-0.25638595618302507	0.41588518479457326	1.6760326196888164	1.5711752639787968	1.4617865994136503	1.346309235350085	1.2228724169082938	1.0893629860237675	-0.12029863095008864	-2.3162455660112546	-3.3411347461101082	-3.2858555392317634	-3.2430605312409821	-3.2114455711679368	-3.1900346897858145	-1.9179380920707478	-0.38999685123021766	0.0089887901949636806	0.21204655925312621	0.31441907026119598	0.3655996920483906	0.3908842470553231	0.40309896967402614	0.40872230034392776	0.41102023817670696	0.41163772542589516	0.4114028513907908	0.41073238622565955	0.40983606100642445	0.40881941449301129	0.40773555761384195	0.40661122323401577	0.40545987404657091	0.40428829782673814	0.40309992565749075	0.4018965013219189	0.40067892112932713	0.39944765638606494	0.39820296590356019	0.39694500288239842	0.39567386866374288	0.39438963975315655	0.39309238140013969
0.025910957955288527	0.028248902429728329	0.030586153544498451	0.03292265324191801	0.03525834467168476	0.037593171784533475	0.039927079141910404	-0.025580888098797328	-2.5353984179448563	-4.9335950522893857	-4.8466871064918866	-4.7654019780118073	-4.6889883831638057	-4.6166858928841092	-4.5478138412886837	-2.2504426718769066	2.2759612240803806	4.5711122375988733	4.637745223207479	4.7081137395911243	4.7828567535985744	4.8627009720714209	3.6508778075329262	1.7938620815016959	0.88565720253236391	0.42901285130646505	0.20089231105121508	0.087748393097519806	0.032278434450083715	0.0056944113777990246	-0.006433218498003157	-0.011328671691390735	-0.012606684246752042	-0.012075416793699834	-0.010639222786601454	-0.0087503938260846681	-0.0066351377543294454	-0.0044066011625432111	-0.0021213923259710832	0.00019215287024865191	0.0025198361472189568	0.004854528666498048	0.0071926366136509934	0.0095323338491493104	0.011872678178392881	0.014213169469412534	0.016553528712026644	0.018893587554569269	0.021233233083195469	0.023572380223768619	0.025910957955288527	0.028248902429728329	0.030586153544498451	0.03292265324191801	0.03525834467168476	0.037593171784533475	0.039927079141910404	-0.025580888098797328	-2.5353984179448563	-4.9335950522893857	-4.8466871064918866	-4.7654019780118073	-4.6889883831638057	-4.6166858928841092	-4.5478138412886837	-2.2504426718769066	2.2759612240803806	4.5711122375988733	4.637745223207479	4.7081137395911243	4.7828567535985744	4.8627009720714209	3.6508778075329262	1.7938620815016959	0.88565720253236391	0.42901285130646505	0.20089231105121508	0.087748393097519806	0.032278434450083715	0.0056944113777990246	-0.006433218498003157	-0.011328671691390735	-0.012606684246752042	-0.012075416793699834	-0.010639222786601454	-0.0087503938260846681	-0.0066351377543294454	-0.0044066011625432111	-0.0021213923259710832	0.00019215287024865191	0.0025198361472189568	0.004854528666498048	0.0071926366136509934	0.0095323338491493104	0.011872678178392881	0.014213169469412534	0.016553528712026644	0.018893587554569269	0.021233233083195469	0.023572380223768619
-1.0027470367755314e-12	-9.5224548708618667e-13	-9.0167501269637805e-13	-8.5540851925856748e-13	-7.9031870955040548e-13	-7.2275697972811057e-13	-6.4997371542654363e-13	4.6501634531985075e-13	-2.3074148013977899e-09	4.2156403908152403e-09	2.4168005142530701e-09	-6.2929083959369635e-09	-1.0025665399045364e-09	2.6257949796596327e-12	6.3795614202209213e-10	1.929322006220741e-09	-1.7583151317507664e-09	-1.6409254841342135e-09	2.5429261009641349e-11	2.234826651513592e-09	6.9150069549085046e-09	-2.7940466612357316e-09	-6.3870576272838524e-09	1.5435185712809923e-09	1.0465573143911035e-09	5.9626005730308683e-10	3.1668636366803026e-10	1.6278943290179235e-10	8.2239999417410819e-11	4.1042320164041589e-11	2.0209482848780701e-11	9.72067501618591e-12	4.4411781170423678e-12	1.775477220210432e-12	4.1577994335519235e-13	-2.811018396549165e-13	-6.4184378661657493e-13	-8.4314954247972405e-13	-9.543657524973573e-13	-1.0215385156912863e-12	-1.0650484952504684e-12	-1.084949783947958e-12	-1.1066797741374091e-12	-1.1205073709004005e-12	-1.1210782883535657e-12	-1.1084360550568429e-12	-1.0976633763790465e-12	-1.0895416155640365e-12	-1.0574962944025203e-12	-1.0262167445852666e-12	-1.0027470367755314e-12	-9.5224548708618667e-13	-9.0167501269637805e-13	-8.5540851925856748e-13	-7.9031870955040548e-13	-7.2275697972811057e-13	-6.4997371542654363e-13	4.6501634531985075e-13	-2.3074148013977899e-09	4.2156403908152403e-09	2.4168005142530701e-09	-6.2929083959369635e-09	-1.0025665399045364e-09	2.6257949796596327e-12	6.3795614202209213e-10	1.929322006220741e-09	-1.7583151317507664e-09	-1.6409254841342135e-09	2.5429261009641349e-11	2.234826651513592e-09	6.9150069549085046e-09	-2.7940466612357316e-09	-6.3870576272838524e-09	1.5435185712809923e-09	1.0465573143911035e-09	5.9626005730308683e-10	3.1668636366803026e-10	1.6278943290179235e-10	8.2239999417410819e-11	4.1042320164041589e-11	2.0209482848780701e-11	9.72067501618591e-12	4.4411781170423678e-12	1.775477220210432e-12	4.1577994335519235e-13	-2.811018396549165e-13	-6.4184378661657493e-13	-8.4314954247972405e-13	-9.543657524973573e-13	-1.0215385156912863e-12	-1.0650484952504684e-12	-1.084949783947958e-12	-1.1066797741374091e-12	-1.1205073709004005e-12	-1.1210782883535657e-12	-1.1084360550568429e-12	-1.0976633763790465e-12	-1.0895416155640365e-12	-1.0574962944025203e-12	-1.0262167445852666e-12
0.39178215441501019	0.39045901858408838	0.38912303437307338	0.38777426376921387	0.38641277068980351	0.38503862117202914	0.38365188345228507	-0.25638595618300286	0.41588518479459546	1.6760326196888053	1.5711752639788079	1.4617865994136836	1.3463092353500739	1.2228724169082383	1.0893629860237897	-0.12029863095006643	-2.3162455660112657	-3.3411347461101082	-3.2858555392317634	-3.2430605312409821	-3.2114455711679426	-3.1900346897858309	-1.9179380920707478	-0.38999685123019545	0.0089887901949581295	0.21204655925311511	0.31441907026121818	0.36559969204839615	0.390884247055312	0.40309896967402614	0.40872230034392776	0.41102023817667921	0.41163772542587296	0.41140285139080746	0.41073238622569286	0.40983606100644665	0.40881941449298909	0.4077355576138475	0.40661122323399912	0.40545987404655981	0.40428829782672704	0.4030999256574519	0.4018965013219522	0.40067892112934933	0.39944765638607049	0.3982029659035824	0.39694500288237622	0.39567386866374288	0.39438963975318431	0.39309238140012304	0.39178215441501019	0.39045901858408838	0.38912303437307338	0.38777426376921387	0.38641277068980351	0.38503862117202914	0.38365188345228507	-0.25638595618300286	0.41588518479459546	1.6760326196888053	1.5711752639788079	1.4617865994136836	1.3463092353500739	1.2228724169082383	1.0893629860237897	-0.12029863095006643	-2.3162455660112657	-3.3411347461101082	-3.2858555392317634	-3.2430605312409821	-3.2114455711679426	-3.1900346897858309	-1.9179380920707478	-0.38999685123019545	0.0089887901949581295	0.21204655925311511	0.31441907026121818	0.36559969204839615	0.390884247055312	0.40309896967402614	0.40872230034392776	0.41102023817667921	0.41163772542587296	0.41140285139080746	0.41073238622569286	0.40983606100644665	0.40881941449298909	0.4077355576138475	0.40661122323399912	0.40545987404655981	0.40428829782672704	0.4030999256574519	0.4018965013219522	0.40067892112934933	0.39944765638607049	0.3982029659035824	0.39694500288237622	0.39567386866374288	0.39438963975318431	0.39309238140012304
0.025910957955310732	0.028248902429717226	0.030586153544487349	0.032922653241929112	0.035258344671673658	0.037593171784555679	0.039927079141943711	-0.025580888098841736	-2.5353984179449007	-4.9335950522893635	-4.8466871064918866	-4.7654019780118295	-4.6889883831637835	-4.6166858928840648	-4.5478138412886615	-2.250442671876951	2.2759612240803584	4.5711122375988955	4.637745223207479	4.7081137395911465	4.7828567535985744	4.8627009720714103	3.6508778075329151	1.7938620815016737	0.88565720253237501	0.42901285130648725	0.20089231105117067	0.087748393097508703	0.032278434450105919	0.0056944113777879224	-0.0064332184979809526	-0.011328671691357428	-0.012606684246752042	-0.012075416793722038	-0.010639222786623659	-0.0087503938260624636	-0.0066351377543294454	-0.0044066011625765178	-0.0021213923259377765	0.00019215287027085637	0.002519836147230059	0.004854528666498048	0.0071926366136176867	0.0095323338491604126	0.011872678178403984	0.01421316946939033	0.016553528712026644	0.018893587554569269	0.021233233083184366	0.023572380223768619	0.025910957955310732	0.028248902429717226	0.030586153544487349	0.032922653241929112	0.035258344671673658	0.037593171784555679	0.039927079141943711	-0.025580888098841736	-2.5353984179449007	-4.9335950522893635	-4.8466871064918866	-4.7654019780118295	-4.6889883831637835	-4.6166858928840648	-4.5478138412886615	-2.250442671876951	2.2759612240803584	4.5711122375988955	4.637745223207479	4.7081137395911465	4.7828567535985744	4.8627009720714103	3.6508778075329151	1.7938620815016737	0.88565720253237501	0.42901285130648725	0.20089231105117067	0.087748393097508703	0.032278434450105919	0.0056944113777879224	-0.0064332184979809526	-0.011328671691357428	-0.012606684246752042	-0.012075416793722038	-0.010639222786623659	-0.0087503938260624636	-0.0066351377543294454	-0.0044066011625765178	-0.0021213923259377765	0.00019215287027085637	0.002519836147230059	0.004854528666498048	0.0071926366136176867	0.0095323338491604126	0.011872678178403984	0.01421316946939033	0.016553528712026644	0.018893587554569269	0.021233233083184366	0.023572380223768619
-5.9625226303019008e-10	-3.1668576576376825e-10	-1.6278395861491501e-10	-8.2232667385323999e-11	-4.1050277675283318e-11	-2.0216422285811399e-11	-9.7320700070335629e-12	-4.4409248769799646e-12	-1.7692721087153436e-12	-4.1658892955114584e-13	2.8093411385511132e-13	6.4283709818335311e-13	8.4364592959485019e-13	9.5288237049748269e-13	1.0160253561227988e-12	1.0839754073312228e-12	1.0901915761631496e-12	1.0885507339230257e-12	1.1199991162250261e-12	1.1214827431530801e-12	1.1014011838827695e-12	1.0972238624391677e-12	1.0975675081312851e-12	1.0570802976624057e-12	1.025269469631403e-12	1.0034334556082969e-12	9.581648721170078e-13	9.0128100647013016e-13	8.5074652030994994e-13	7.9031323146408078e-13	7.2254085612833231e-13	6.4983657309960346e-13	-4.6617693530579981e-13	2.3074151521660862e-09	-4.2156393088591113e-09	-2.4168006413833683e-09	6.2929080097955085e-09	1.0025667148036343e-09	-2.6257318673298585e-12	-6.3794904377472614e-10	-1.9293223558184112e-09	1.7583081930132824e-09	1.640925759502e-09	-2.5429306571493951e-11	-2.2348269165242501e-09	-6.9150070242958058e-09	2.7940467076257575e-09	6.3870394032879773e-09	-1.5435186319848823e-09	-1.046539974783983e-09	-5.9625226303019008e-10	-3.1668576576376825e-10	-1.6278395861491501e-10	-8.2232667385323999e-11	-4.1050277675283318e-11	-2.0216422285811399e-11	-9.7320700070335629e-12	-4.4409248769799646e-12	-1.7692721087153436e-12	-4.1658892955114584e-13	2.8093411385511132e-13	6.4283709818335311e-13	8.4364592959485019e-13	9.5288237049748269e-13	1.0160253561227988e-12	1.0839754073312228e-12	1.0901915761631496e-12	1.0885507339230257e-12	1.1199991162250261e-12	1.1214827431530801e-12	1.1014011838827695e-12	1.0972238624391677e-12	1.0975675081312851e-12	1.0570802976624057e-12	1.025269469631403e-12	1.0034334556082969e-12	9.581648721170078e-13	9.0128100647013016e-13	8.5074652030994994e-13	7.9031323146408078e-13	7.2254085612833231e-13	6.4983657309960346e-13	-4.6617693530579981e-13	2.3074151521660862e-09	-4.2156393088591113e-09	-2.4168006413833683e-09	6.2929080097955085e-09	1.0025667148036343e-09	-2.6257318673298585e-12	-6.3794904377472614e-10	-1.9293223558184112e-09	1.7583081930132824e-09	1.640925759502e-09	-2.5429306571493951e-11	-2.2348269165242501e-09	-6.9150070242958058e-09	2.7940467076257575e-09	6.3870394032879773e-09	-1.5435186319848823e-09	-1.046539974783983e-09
0.21204655925309845	0.31441907026120708	0.36559969204845166	0.39088424705530644	0.40309896967398728	0.40872230034393886	0.41102023817669031	0.41163772542586186	0.4114028513908019	0.41073238622569286	0.4098360610064411	0.4088194144930335	0.40773555761384195	0.40661122323398802	0.40545987404657091	0.40428829782673259	0.40309992565747965	0.4018965013219189	0.40067892112932713	0.39944765638607049	0.39820296590357684	0.39694500288240953	0.39567386866373178	0.39438963975316765	0.39309238140013969	0.39178215441501574	0.39045901858406618	0.38912303437306228	0.38777426376923607	0.38641277068981461	0.38503862117205134	0.38365188345229617	-0.25638595618304727	0.41588518479455105	1.6760326196888053	1.5711752639788301	1.4617865994136725	1.346309235350085	1.2228724169082716	1.0893629860237675	-0.12029863095008864	-2.3162455660112435	-3.3411347461100971	-3.2858555392317523	-3.2430605312409879	-3.2114455711679755	-3.1900346897858087	-1.9179380920707367	-0.3899968512302121	0.0089887901949581295	0.21204655925309845	0.31441907026120708	0.36559969204845166	0.39088424705530644	0.40309896967398728	0.40872230034393886	0.41102023817669031	0.41163772542586186	0.4114028513908019	0.41073238622569286	0.4098360610064411	0.4088194144930335	0.40773555761384195	0.40661122323398802	0.40545987404657091	0.40428829782673259	0.40309992565747965	0.4018965013219189	0.40067892112932713	0.39944765638607049	0.39820296590357684	0.39694500288240953	0.39567386866373178	0.39438963975316765	0.39309238140013969	0.39178215441501574	0.39045901858406618	0.38912303437306228	0.38777426376923607	0.38641277068981461	0.38503862117205134	0.38365188345229617	-0.25638595618304727	0.41588518479455105	1.6760326196888053	1.5711752639788301	1.4617865994136725	1.346309235350085	1.2228724169082716	1.0893629860237675	-0.12029863095008864	-2.3162455660112435	-3.3411347461100971	-3.2858555392317523	-3.2430605312409879	-3.2114455711679755	-3.1900346897858087	-1.9179380920707367	-0.3899968512302121	0.0089887901949581295
0.42901285130647615	0.20089231105121508	0.087748393097486499	0.032278434450083715	0.0056944113778212291	-0.0064332184979809526	-0.011328671691379633	-0.012606684246729838	-0.012075416793699834	-0.010639222786645863	-0.0087503938260846681	-0.0066351377543405476	-0.0044066011625654156	-0.0021213923259377765	0.00019215287024865191	0.0025198361472189568	0.0048545286665091503	0.0071926366136398912	0.0095323338491715148	0.011872678178392881	0.014213169469368125	0.016553528712015542	0.018893587554602576	0.021233233083184366	0.023572380223757516	0.025910957955321834	0.028248902429739431	0.030586153544498451	0.032922653241906907	0.035258344671651454	0.037593171784544577	0.039927079141943711	-0.02558088809880843	-2.5353984179448563	-4.9335950522893857	-4.8466871064919204	-4.7654019780118295	-4.6889883831637835	-4.616685892884087	-4.5478138412886837	-2.2504426718769066	2.2759612240803806	4.5711122375988733	4.6377452232074567	4.7081137395911465	4.7828567535985966	4.8627009720714103	3.6508778075329151	1.7938620815016848	0.88565720253236391	0.42901285130647615	0.20089231105121508	0.087748393097486499	0.032278434450083715	0.0056944113778212291	-0.0064332184979809526	-0.011328671691379633	-0.012606684246729838	-0.012075416793699834	-0.010639222786645863	-0.0087503938260846681	-0.0066351377543405476	-0.0044066011625654156	-0.0021213923259377765	0.00019215287024865191	0.0025198361472189568	0.0048545286665091503	0.0071926366136398912	0.0095323338491715148	0.011872678178392881	0.014213169469368125	0.016553528712015542	0.018893587554602576	0.021233233083184366	0.023572380223757516	0.025910957955321834	0.028248902429739431	0.030586153544498451	0.032922653241906907	0.035258344671651454	0.037593171784544577	0.039927079141943711	-0.02558088809880843	-2.5353984179448563	-4.9335950522893857	-4.8466871064919204	-4.7654019780118295	-4.6889883831637835	-4.616685892884087	-4.5478138412886837	-2.2504426718769066	2.2759612240803806	4.5711122375988733	4.6377452232074567	4.7081137395911465	4.7828567535985966	4.8627009720714103	3.6508778075329151	1.7938620815016848	0.88565720253236391
0	0	0	0	0	0	0	0	0	0	0	0	0	0	0	0	0	0	0	0	0	0	0	0	0	0	0	0	0	0	0	0	0	0	0	0	0	0	0	0	0	0	0	0	0	0	0	0	0	0	0	0	0	0	0	0	0	0	0	0	0	0	0	0	0	0	0	0	0	0	0	0	0	0	0	0	0	0	0	0	0	0	0	0	0	0	0	0	0	0	0	0	0	0	0	0	0	0	0	0
0	0	0	0	0	0	0	0	0	0	0	0	0	0	0	0	0	0	0	0	0	0	0	0	0	0	0	0	0	0	0	0	0	0	0	0	0	0	0	0	0	0	0	0	0	0	0	0	0	0	0	0	0	0	0	0	0	0	0	0	0	0	0	0	0	0	0	0	0	0	0	0	0	0	0	0	0	0	0	0	0	0	0	0	0	0	0	0	0	0	0	0	0	0	0	0	0	0	0	0
0	0	0	0	0	0	0	0	0	0	0	0	0	0	0	0	0	0	0	0	0	0	0	0	0	0	0	0	0	0	0	0	0	0	0	0	0	0	0	0	0	0	0	0	0	0	0	0	0	0	0	0	0	0	0	0	0	0	0	0	0	0	0	0	0	0	0	0	0	0	0	0	0	0	0	0	0	0	0	0	0	0	0	0	0	0	0	0	0	0	0	0	0	0	0	0	0	0	0	0
0	0	0	0	0	0	0	0	0	0	0	0	0	0	0	0	0	0	0	0	0	0	0	0	0	0	0	0	0	0	0	0	0	0	0	0	0	0	0	0	0	0	0	0	0	0	0	0	0	0	0	0	0	0	0	0	0	0	0	0	0	0	0	0	0	0	0	0	0	0	0	0	0	0	0	0	0	0	0	0	0	0	0	0	0	0	0	0	0	0	0	0	0	0	0	0	0	0	0	0
