# B2-Z1 32-row gait retargeted through Go1/B2 foot kinematics from walking_gait_raibert_FAST_0_0_10cm_100hz.tsv; rows: 16 q then 16 dq; periodic dq at 100 Hz
0.0000000000	0.0000000000	0.0000000000	0.0000000000	0.0000000000	0.0000000000	0.0000000000	0.0000000000	0.0000000000	0.0000000000	0.0000000000	0.0000000000	0.0000000000	0.0000000000	0.0000000000	0.0000000000	0.0000000000	0.0000000000	0.0000000000	0.0000000000	0.0000000000	0.0000000000	0.0000000000	0.0000000000	0.0000000000	0.0000000000	0.0000000000	0.0000000000	0.0000000000	0.0000000000	0.0000000000	0.0000000000	0.0000000000	0.0000000000	0.0000000000	0.0000000000	0.0000000000	0.0000000000	0.0000000000	0.0000000000	0.0000000000	0.0000000000	0.0000000000	0.0000000000	0.0000000000	0.0000000000	0.0000000000	0.0000000000	0.0000000000	0.0000000000	0.0000000000	0.0000000000	0.0000000000	0.0000000000	0.0000000000	0.0000000000	0.0000000000	0.0000000000	0.0000000000	0.0000000000	0.0000000000	0.0000000000	0.0000000000	0.0000000000	0.0000000000	0.0000000000	0.0000000000	0.0000000000	0.0000000000	0.0000000000	0.0000000000	0.0000000000	0.0000000000	0.0000000000	0.0000000000	0.0000000000	0.0000000000	0.0000000000	0.0000000000	0.0000000000	0.0000000000	0.0000000000	0.0000000000	0.0000000000	0.0000000000	0.0000000000	0.0000000000	0.0000000000	0.0000000000	0.0000000000	0.0000000000	0.0000000000	0.0000000000	0.0000000000	0.0000000000	0.0000000000	0.0000000000	0.0000000000	0.0000000000	0.0000000000
0.7033191637	0.7016614530	0.7008312808	0.7004158644	0.7002080734	0.7001041641	0.7000521956	0.7000262114	0.7000132193	0.7000067232	0.7000034752	0.7000018512	0.7000010391	0.7000006331	0.7000004301	0.7000003286	0.7000002779	0.7000002525	0.7000002525	0.7000002525	0.7000002303	0.7000002303	0.7000002303	0.7000002303	0.7000002303	0.7000002303	0.7000002303	0.7000002303	0.7000002303	0.7000002303	0.7000002303	0.7000002303	0.7000002303	0.7000002303	0.7261698615	0.7515161733	0.7761086259	0.8000050945	0.8232538452	0.8458950071	0.8679616651	0.8679616651	0.8458950071	0.8232538452	0.8000050945	0.7761086259	0.7515161733	0.7261698615	0.7131928251	0.7066241274	0.7033191637	0.7016614530	0.7008312808	0.7004158644	0.7002080734	0.7001041641	0.7000521956	0.7000262114	0.7000132193	0.7000067232	0.7000034752	0.7000018512	0.7000010391	0.7000006331	0.7000004301	0.7000003286	0.7000002779	0.7000002525	0.7000002525	0.7000002525	0.7000002303	0.7000002303	0.7000002303	0.7000002303	0.7000002303	0.7000002303	0.7000002303	0.7000002303	0.7000002303	0.7000002303	0.7000002303	0.7000002303	0.7000002303	0.7000002303	0.7261698615	0.7515161733	0.7761086259	0.8000050945	0.8232538452	0.8458950071	0.8679616651	0.8679616651	0.8458950071	0.8232538452	0.8000050945	0.7761086259	0.7515161733	0.7261698615	0.7131928251	0.7066241274
-1.5069646798	-1.5034858277	-1.5017439674	-1.5008724262	-1.5004365024	-1.5002185151	-1.5001094958	-1.5000549861	-1.5000277313	-1.5000141039	-1.5000072902	-1.5000038833	-1.5000021799	-1.5000013282	-1.5000009024	-1.5000006894	-1.5000005830	-1.5000005297	-1.5000005297	-1.5000005297	-1.5000004831	-1.5000004831	-1.5000004831	-1.5000004831	-1.5000004831	-1.5000004831	-1.5000004831	-1.5000004831	-1.5000004831	-1.5000004831	-1.5000004831	-1.5000004831	-1.5000004831	-1.5000004831	-1.5550113622	-1.6085221359	-1.6606841078	-1.7116268457	-1.7614623475	-1.8102882377	-1.8581902542	-1.8581902542	-1.8102882377	-1.7614623475	-1.7116268457	-1.6606841078	-1.6085221359	-1.5550113622	-1.5277038890	-1.5139030724	-1.5069646798	-1.5034858277	-1.5017439674	-1.5008724262	-1.5004365024	-1.5002185151	-1.5001094958	-1.5000549861	-1.5000277313	-1.5000141039	-1.5000072902	-1.5000038833	-1.5000021799	-1.5000013282	-1.5000009024	-1.5000006894	-1.5000005830	-1.5000005297	-1.5000005297	-1.5000005297	-1.5000004831	-1.5000004831	-1.5000004831	-1.5000004831	-1.5000004831	-1.5000004831	-1.5000004831	-1.5000004831	-1.5000004831	-1.5000004831	-1.5000004831	-1.5000004831	-1.5000004831	-1.5000004831	-1.5550113622	-1.6085221359	-1.6606841078	-1.7116268457	-1.7614623475	-1.8102882377	-1.8581902542	-1.8581902542	-1.8102882377	-1.7614623475	-1.7116268457	-1.6606841078	-1.6085221359	-1.5550113622	-1.5277038890	-1.5139030724
0.0000000000	0.0000000000	0.0000000000	0.0000000000	0.0000000000	0.0000000000	0.0000000000	0.0000000000	0.0000000000	-0.0000000000	-0.0000000000	-0.0000000000	-0.0000000000	-0.0000000000	-0.0000000000	-0.0000000000	-0.0000000000	-0.0000000000	-0.0000000000	-0.0000000000	-0.0000000000	-0.0000000000	-0.0000000000	-0.0000000000	-0.0000000000	-0.0000000000	-0.0000000000	-0.0000000000	-0.0000000000	-0.0000000000	-0.0000000000	-0.0000000000	-0.0000000000	-0.0000000000	-0.0000000000	-0.0000000000	-0.0000000000	-0.0000000000	-0.0000000000	-0.0000000000	-0.0000000000	-0.0000000000	-0.0000000000	-0.0000000000	-0.0000000000	-0.0000000000	-0.0000000000	-0.0000000000	-0.0000000000	-0.0000000000	-0.0000000000	-0.0000000000	-0.0000000000	-0.0000000000	-0.0000000000	-0.0000000000	-0.0000000000	-0.0000000000	-0.0000000000	-0.0000000000	-0.0000000000	-0.0000000000	-0.0000000000	-0.0000000000	-0.0000000000	-0.0000000000	-0.0000000000	-0.0000000000	-0.0000000000	-0.0000000000	-0.0000000000	-0.0000000000	-0.0000000000	-0.0000000000	-0.0000000000	-0.0000000000	-0.0000000000	-0.0000000000	-0.0000000000	-0.0000000000	-0.0000000000	-0.0000000000	-0.0000000000	-0.0000000000	-0.0000000000	-0.0000000000	-0.0000000000	-0.0000000000	-0.0000000000	-0.0000000000	-0.0000000000	-0.0000000000	-0.0000000000	-0.0000000000	-0.0000000000	-0.0000000000	-0.0000000000	-0.0000000000	-0.0000000000	-0.0000000000
0.7000002272	0.7000002272	0.7000002272	0.7000002272	0.7000002272	0.7000002272	0.7000002272	0.7000002272	0.7000002272	0.7261698615	0.7515161733	0.7761086259	0.8000050945	0.8232538452	0.8458950071	0.8679616651	0.8679616651	0.8458950071	0.8232538452	0.8000050945	0.7761086259	0.7515161733	0.7261698615	0.7131928251	0.7066241274	0.7033191637	0.7016614530	0.7008312808	0.7004158644	0.7002080734	0.7001041641	0.7000521956	0.7000262114	0.7000132193	0.7000067232	0.7000034752	0.7000018512	0.7000010391	0.7000006331	0.7000004301	0.7000003286	0.7000002779	0.7000002525	0.7000002525	0.7000002525	0.7000002303	0.7000002303	0.7000002303	0.7000002303	0.7000002303	0.7000002303	0.7000002303	0.7000002303	0.7000002303	0.7000002303	0.7000002303	0.7000002303	0.7000002303	0.7000002303	0.7261698615	0.7515161733	0.7761086259	0.8000050945	0.8232538452	0.8458950071	0.8679616651	0.8679616651	0.8458950071	0.8232538452	0.8000050945	0.7761086259	0.7515161733	0.7261698615	0.7131928251	0.7066241274	0.7033191637	0.7016614530	0.7008312808	0.7004158644	0.7002080734	0.7001041641	0.7000521956	0.7000262114	0.7000132193	0.7000067232	0.7000034752	0.7000018512	0.7000010391	0.7000006331	0.7000004301	0.7000003286	0.7000002779	0.7000002525	0.7000002525	0.7000002525	0.7000002303	0.7000002303	0.7000002303	0.7000002303	0.7000002303
-1.5000004767	-1.5000004767	-1.5000004767	-1.5000004767	-1.5000004767	-1.5000004767	-1.5000004767	-1.5000004767	-1.5000004767	-1.5550113622	-1.6085221359	-1.6606841078	-1.7116268457	-1.7614623475	-1.8102882377	-1.8581902542	-1.8581902542	-1.8102882377	-1.7614623475	-1.7116268457	-1.6606841078	-1.6085221359	-1.5550113622	-1.5277038890	-1.5139030724	-1.5069646798	-1.5034858277	-1.5017439674	-1.5008724262	-1.5004365024	-1.5002185151	-1.5001094958	-1.5000549861	-1.5000277313	-1.5000141039	-1.5000072902	-1.5000038833	-1.5000021799	-1.5000013282	-1.5000009024	-1.5000006894	-1.5000005830	-1.5000005297	-1.5000005297	-1.5000005297	-1.5000004831	-1.5000004831	-1.5000004831	-1.5000004831	-1.5000004831	-1.5000004831	-1.5000004831	-1.5000004831	-1.5000004831	-1.5000004831	-1.5000004831	-1.5000004831	-1.5000004831	-1.5000004831	-1.5550113622	-1.6085221359	-1.6606841078	-1.7116268457	-1.7614623475	-1.8102882377	-1.8581902542	-1.8581902542	-1.8102882377	-1.7614623475	-1.7116268457	-1.6606841078	-1.6085221359	-1.5550113622	-1.5277038890	-1.5139030724	-1.5069646798	-1.5034858277	-1.5017439674	-1.5008724262	-1.5004365024	-1.5002185151	-1.5001094958	-1.5000549861	-1.5000277313	-1.5000141039	-1.5000072902	-1.5000038833	-1.5000021799	-1.5000013282	-1.5000009024	-1.5000006894	-1.5000005830	-1.5000005297	-1.5000005297	-1.5000005297	-1.5000004831	-1.5000004831	-1.5000004831	-1.5000004831	-1.5000004831
-0.0000000000	-0.0000000000	-0.0000000000	-0.0000000000	-0.0000000000	-0.0000000000	-0.0000000000	-0.0000000000	-0.0000000000	0.0000000000	0.0000000000	0.0000000000	0.0000000000	0.0000000000	0.0000000000	0.0000000000	0.0000000000	0.0000000000	0.0000000000	0.0000000000	0.0000000000	0.0000000000	0.0000000000	0.0000000000	0.0000000000	0.0000000000	0.0000000000	0.0000000000	0.0000000000	0.0000000000	0.0000000000	0.0000000000	0.0000000000	0.0000000000	0.0000000000	0.0000000000	0.0000000000	0.0000000000	0.0000000000	0.0000000000	0.0000000000	0.0000000000	0.0000000000	0.0000000000	0.0000000000	0.0000000000	0.0000000000	0.0000000000	0.0000000000	0.0000000000	0.0000000000	0.0000000000	0.0000000000	0.0000000000	0.0000000000	0.0000000000	0.0000000000	0.0000000000	0.0000000000	0.0000000000	0.0000000000	0.0000000000	0.0000000000	0.0000000000	0.0000000000	0.0000000000	0.0000000000	0.0000000000	0.0000000000	0.0000000000	0.0000000000	0.0000000000	0.0000000000	0.0000000000	0.0000000000	0.0000000000	0.0000000000	0.0000000000	0.0000000000	0.0000000000	0.0000000000	0.0000000000	0.0000000000	0.0000000000	0.0000000000	0.0000000000	0.0000000000	0.0000000000	0.0000000000	0.0000000000	0.0000000000	0.0000000000	0.0000000000	0.0000000000	0.0000000000	0.0000000000	0.0000000000	0.0000000000	0.0000000000	0.0000000000
0.7000002272	0.7000002272	0.7000002272	0.7000002272	0.7000002272	0.7000002272	0.7000002272	0.7000002272	0.7000002272	0.7261698615	0.7515161733	0.7761086259	0.8000050945	0.8232538452	0.8458950071	0.8679616651	0.8679616651	0.8458950071	0.8232538452	0.8000050945	0.7761086259	0.7515161733	0.7261698615	0.7131928251	0.7066241274	0.7033191637	0.7016614530	0.7008312808	0.7004158644	0.7002080734	0.7001041641	0.7000521956	0.7000262114	0.7000132193	0.7000067232	0.7000034752	0.7000018512	0.7000010391	0.7000006331	0.7000004301	0.7000003286	0.7000002779	0.7000002525	0.7000002525	0.7000002525	0.7000002303	0.7000002303	0.7000002303	0.7000002303	0.7000002303	0.7000002303	0.7000002303	0.7000002303	0.7000002303	0.7000002303	0.7000002303	0.7000002303	0.7000002303	0.7000002303	0.7261698615	0.7515161733	0.7761086259	0.8000050945	0.8232538452	0.8458950071	0.8679616651	0.8679616651	0.8458950071	0.8232538452	0.8000050945	0.7761086259	0.7515161733	0.7261698615	0.7131928251	0.7066241274	0.7033191637	0.7016614530	0.7008312808	0.7004158644	0.7002080734	0.7001041641	0.7000521956	0.7000262114	0.7000132193	0.7000067232	0.7000034752	0.7000018512	0.7000010391	0.7000006331	0.7000004301	0.7000003286	0.7000002779	0.7000002525	0.7000002525	0.7000002525	0.7000002303	0.7000002303	0.7000002303	0.7000002303	0.7000002303
-1.5000004767	-1.5000004767	-1.5000004767	-1.5000004767	-1.5000004767	-1.5000004767	-1.5000004767	-1.5000004767	-1.5000004767	-1.5550113622	-1.6085221359	-1.6606841078	-1.7116268457	-1.7614623475	-1.8102882377	-1.8581902542	-1.8581902542	-1.8102882377	-1.7614623475	-1.7116268457	-1.6606841078	-1.6085221359	-1.5550113622	-1.5277038890	-1.5139030724	-1.5069646798	-1.5034858277	-1.5017439674	-1.5008724262	-1.5004365024	-1.5002185151	-1.5001094958	-1.5000549861	-1.5000277313	-1.5000141039	-1.5000072902	-1.5000038833	-1.5000021799	-1.5000013282	-1.5000009024	-1.5000006894	-1.5000005830	-1.5000005297	-1.5000005297	-1.5000005297	-1.5000004831	-1.5000004831	-1.5000004831	-1.5000004831	-1.5000004831	-1.5000004831	-1.5000004831	-1.5000004831	-1.5000004831	-1.5000004831	-1.5000004831	-1.5000004831	-1.5000004831	-1.5000004831	-1.5550113622	-1.6085221359	-1.6606841078	-1.7116268457	-1.7614623475	-1.8102882377	-1.8581902542	-1.8581902542	-1.8102882377	-1.7614623475	-1.7116268457	-1.6606841078	-1.6085221359	-1.5550113622	-1.5277038890	-1.5139030724	-1.5069646798	-1.5034858277	-1.5017439674	-1.5008724262	-1.5004365024	-1.5002185151	-1.5001094958	-1.5000549861	-1.5000277313	-1.5000141039	-1.5000072902	-1.5000038833	-1.5000021799	-1.5000013282	-1.5000009024	-1.5000006894	-1.5000005830	-1.5000005297	-1.5000005297	-1.5000005297	-1.5000004831	-1.5000004831	-1.5000004831	-1.5000004831	-1.5000004831
-0.0000000000	-0.0000000000	-0.0000000000	-0.0000000000	-0.0000000000	-0.0000000000	-0.0000000000	-0.0000000000	-0.0000000000	-0.0000000000	-0.0000000000	-0.0000000000	-0.0000000000	-0.0000000000	-0.0000000000	-0.0000000000	-0.0000000000	-0.0000000000	-0.0000000000	-0.0000000000	-0.0000000000	-0.0000000000	-0.0000000000	-0.0000000000	-0.0000000000	-0.0000000000	-0.0000000000	-0.0000000000	-0.0000000000	-0.0000000000	-0.0000000000	-0.0000000000	-0.0000000000	-0.0000000000	-0.0000000000	-0.0000000000	-0.0000000000	-0.0000000000	-0.0000000000	-0.0000000000	-0.0000000000	-0.0000000000	-0.0000000000	-0.0000000000	-0.0000000000	-0.0000000000	-0.0000000000	-0.0000000000	-0.0000000000	-0.0000000000	-0.0000000000	-0.0000000000	-0.0000000000	-0.0000000000	-0.0000000000	-0.0000000000	-0.0000000000	-0.0000000000	-0.0000000000	-0.0000000000	-0.0000000000	-0.0000000000	-0.0000000000	-0.0000000000	-0.0000000000	-0.0000000000	-0.0000000000	-0.0000000000	-0.0000000000	-0.0000000000	-0.0000000000	-0.0000000000	-0.0000000000	-0.0000000000	-0.0000000000	-0.0000000000	-0.0000000000	-0.0000000000	-0.0000000000	-0.0000000000	-0.0000000000	-0.0000000000	-0.0000000000	-0.0000000000	-0.0000000000	-0.0000000000	-0.0000000000	-0.0000000000	-0.0000000000	-0.0000000000	-0.0000000000	-0.0000000000	-0.0000000000	-0.0000000000	-0.0000000000	-0.0000000000	-0.0000000000	-0.0000000000	-0.0000000000	-0.0000000000
0.7033191637	0.7016614530	0.7008312808	0.7004158644	0.7002080734	0.7001041641	0.7000521956	0.7000262114	0.7000132193	0.7000067232	0.7000034752	0.7000018512	0.7000010391	0.7000006331	0.7000004301	0.7000003286	0.7000002779	0.7000002525	0.7000002525	0.7000002525	0.7000002303	0.7000002303	0.7000002303	0.7000002303	0.7000002303	0.7000002303	0.7000002303	0.7000002303	0.7000002303	0.7000002303	0.7000002303	0.7000002303	0.7000002303	0.7000002303	0.7261698615	0.7515161733	0.7761086259	0.8000050945	0.8232538452	0.8458950071	0.8679616651	0.8679616651	0.8458950071	0.8232538452	0.8000050945	0.7761086259	0.7515161733	0.7261698615	0.7131928251	0.7066241274	0.7033191637	0.7016614530	0.7008312808	0.7004158644	0.7002080734	0.7001041641	0.7000521956	0.7000262114	0.7000132193	0.7000067232	0.7000034752	0.7000018512	0.7000010391	0.7000006331	0.7000004301	0.7000003286	0.7000002779	0.7000002525	0.7000002525	0.7000002525	0.7000002303	0.7000002303	0.7000002303	0.7000002303	0.7000002303	0.7000002303	0.7000002303	0.7000002303	0.7000002303	0.7000002303	0.7000002303	0.7000002303	0.7000002303	0.7000002303	0.7261698615	0.7515161733	0.7761086259	0.8000050945	0.8232538452	0.8458950071	0.8679616651	0.8679616651	0.8458950071	0.8232538452	0.8000050945	0.7761086259	0.7515161733	0.7261698615	0.7131928251	0.7066241274
-1.5069646798	-1.5034858277	-1.5017439674	-1.5008724262	-1.5004365024	-1.5002185151	-1.5001094958	-1.5000549861	-1.5000277313	-1.5000141039	-1.5000072902	-1.5000038833	-1.5000021799	-1.5000013282	-1.5000009024	-1.5000006894	-1.5000005830	-1.5000005297	-1.5000005297	-1.5000005297	-1.5000004831	-1.5000004831	-1.5000004831	-1.5000004831	-1.5000004831	-1.5000004831	-1.5000004831	-1.5000004831	-1.5000004831	-1.5000004831	-1.5000004831	-1.5000004831	-1.5000004831	-1.5000004831	-1.5550113622	-1.6085221359	-1.6606841078	-1.7116268457	-1.7614623475	-1.8102882377	-1.8581902542	-1.8581902542	-1.8102882377	-1.7614623475	-1.7116268457	-1.6606841078	-1.6085221359	-1.5550113622	-1.5277038890	-1.5139030724	-1.5069646798	-1.5034858277	-1.5017439674	-1.5008724262	-1.5004365024	-1.5002185151	-1.5001094958	-1.5000549861	-1.5000277313	-1.5000141039	-1.5000072902	-1.5000038833	-1.5000021799	-1.5000013282	-1.5000009024	-1.5000006894	-1.5000005830	-1.5000005297	-1.5000005297	-1.5000005297	-1.5000004831	-1.5000004831	-1.5000004831	-1.5000004831	-1.5000004831	-1.5000004831	-1.5000004831	-1.5000004831	-1.5000004831	-1.5000004831	-1.5000004831	-1.5000004831	-1.5000004831	-1.5000004831	-1.5550113622	-1.6085221359	-1.6606841078	-1.7116268457	-1.7614623475	-1.8102882377	-1.8581902542	-1.8581902542	-1.8102882377	-1.7614623475	-1.7116268457	-1.6606841078	-1.6085221359	-1.5550113622	-1.5277038890	-1.5139030724
0.0000000000	0.0000000000	0.0000000000	0.0000000000	0.0000000000	0.0000000000	0.0000000000	0.0000000000	0.0000000000	0.0000000000	0.0000000000	0.0000000000	0.0000000000	0.0000000000	0.0000000000	0.0000000000	0.0000000000	0.0000000000	0.0000000000	0.0000000000	0.0000000000	0.0000000000	0.0000000000	0.0000000000	0.0000000000	0.0000000000	0.0000000000	0.0000000000	0.0000000000	0.0000000000	0.0000000000	0.0000000000	0.0000000000	0.0000000000	0.0000000000	0.0000000000	0.0000000000	0.0000000000	0.0000000000	0.0000000000	0.0000000000	0.0000000000	0.0000000000	0.0000000000	0.0000000000	0.0000000000	0.0000000000	0.0000000000	0.0000000000	0.0000000000	0.0000000000	0.0000000000	0.0000000000	0.0000000000	0.0000000000	0.0000000000	0.0000000000	0.0000000000	0.0000000000	0.0000000000	0.0000000000	0.0000000000	0.0000000000	0.0000000000	0.0000000000	0.0000000000	0.0000000000	0.0000000000	0.0000000000	0.0000000000	0.0000000000	0.0000000000	0.0000000000	0.0000000000	0.0000000000	0.0000000000	0.0000000000	0.0000000000	0.0000000000	0.0000000000	0.0000000000	0.0000000000	0.0000000000	0.0000000000	0.0000000000	0.0000000000	0.0000000000	0.0000000000	0.0000000000	0.0000000000	0.0000000000	0.0000000000	0.0000000000	0.0000000000	0.0000000000	0.0000000000	0.0000000000	0.0000000000	0.0000000000	0.0000000000
1.0000000000	1.0000000000	1.0000000000	1.0000000000	1.0000000000	1.0000000000	1.0000000000	1.0000000000	1.0000000000	1.0000000000	1.0000000000	1.0000000000	1.0000000000	1.0000000000	1.0000000000	1.0000000000	1.0000000000	1.0000000000	1.0000000000	1.0000000000	1.0000000000	1.0000000000	1.0000000000	1.0000000000	1.0000000000	1.0000000000	1.0000000000	1.0000000000	1.0000000000	1.0000000000	1.0000000000	1.0000000000	1.0000000000	1.0000000000	1.0000000000	1.0000000000	1.0000000000	1.0000000000	1.0000000000	1.0000000000	1.0000000000	1.0000000000	1.0000000000	1.0000000000	1.0000000000	1.0000000000	1.0000000000	1.0000000000	1.0000000000	1.0000000000	1.0000000000	1.0000000000	1.0000000000	1.0000000000	1.0000000000	1.0000000000	1.0000000000	1.0000000000	1.0000000000	1.0000000000	1.0000000000	1.0000000000	1.0000000000	1.0000000000	1.0000000000	1.0000000000	1.0000000000	1.0000000000	1.0000000000	1.0000000000	1.0000000000	1.0000000000	1.0000000000	1.0000000000	1.0000000000	1.0000000000	1.0000000000	1.0000000000	1.0000000000	1.0000000000	1.0000000000	1.0000000000	1.0000000000	1.0000000000	1.0000000000	1.0000000000	1.0000000000	1.0000000000	1.0000000000	1.0000000000	1.0000000000	1.0000000000	1.0000000000	1.0000000000	1.0000000000	1.0000000000	1.0000000000	1.0000000000	1.0000000000	1.0000000000
-0.6000000000	-0.6000000000	-0.6000000000	-0.6000000000	-0.6000000000	-0.6000000000	-0.6000000000	-0.6000000000	-0.6000000000	-0.6000000000	-0.6000000000	-0.6000000000	-0.6000000000	-0.6000000000	-0.6000000000	-0.6000000000	-0.6000000000	-0.6000000000	-0.6000000000	-0.6000000000	-0.6000000000	-0.6000000000	-0.6000000000	-0.6000000000	-0.6000000000	-0.6000000000	-0.6000000000	-0.6000000000	-0.6000000000	-0.6000000000	-0.6000000000	-0.6000000000	-0.6000000000	-0.6000000000	-0.6000000000	-0.6000000000	-0.6000000000	-0.6000000000	-0.6000000000	-0.6000000000	-0.6000000000	-0.6000000000	-0.6000000000	-0.6000000000	-0.6000000000	-0.6000000000	-0.6000000000	-0.6000000000	-0.6000000000	-0.6000000000	-0.6000000000	-0.6000000000	-0.6000000000	-0.6000000000	-0.6000000000	-0.6000000000	-0.6000000000	-0.6000000000	-0.6000000000	-0.6000000000	-0.6000000000	-0.6000000000	-0.6000000000	-0.6000000000	-0.6000000000	-0.6000000000	-0.6000000000	-0.6000000000	-0.6000000000	-0.6000000000	-0.6000000000	-0.6000000000	-0.6000000000	-0.6000000000	-0.6000000000	-0.6000000000	-0.6000000000	-0.6000000000	-0.6000000000	-0.6000000000	-0.6000000000	-0.6000000000	-0.6000000000	-0.6000000000	-0.6000000000	-0.6000000000	-0.6000000000	-0.6000000000	-0.6000000000	-0.6000000000	-0.6000000000	-0.6000000000	-0.6000000000	-0.6000000000	-0.6000000000	-0.6000000000	-0.6000000000	-0.6000000000	-0.6000000000	-0.6000000000
0.0000000000	0.0000000000	0.0000000000	0.0000000000	0.0000000000	0.0000000000	0.0000000000	0.0000000000	0.0000000000	0.0000000000	0.0000000000	0.0000000000	0.0000000000	0.0000000000	0.0000000000	0.0000000000	0.0000000000	0.0000000000	0.0000000000	0.0000000000	0.0000000000	0.0000000000	0.0000000000	0.0000000000	0.0000000000	0.0000000000	0.0000000000	0.0000000000	0.0000000000	0.0000000000	0.0000000000	0.0000000000	0.0000000000	0.0000000000	0.0000000000	0.0000000000	0.0000000000	0.0000000000	0.0000000000	0.0000000000	0.0000000000	0.0000000000	0.0000000000	0.0000000000	0.0000000000	0.0000000000	0.0000000000	0.0000000000	0.0000000000	0.0000000000	0.0000000000	0.0000000000	0.0000000000	0.0000000000	0.0000000000	0.0000000000	0.0000000000	0.0000000000	0.0000000000	0.0000000000	0.0000000000	0.0000000000	0.0000000000	0.0000000000	0.0000000000	0.0000000000	0.0000000000	0.0000000000	0.0000000000	0.0000000000	0.0000000000	0.0000000000	0.0000000000	0.0000000000	0.0000000000	0.0000000000	0.0000000000	0.0000000000	0.0000000000	0.0000000000	0.0000000000	0.0000000000	0.0000000000	0.0000000000	0.0000000000	0.0000000000	0.0000000000	0.0000000000	0.0000000000	0.0000000000	0.0000000000	0.0000000000	0.0000000000	0.0000000000	0.0000000000	0.0000000000	0.0000000000	0.0000000000	0.0000000000	0.0000000000
-0.0000000001	-0.0000000000	-0.0000000000	-0.0000000000	0.0000000003	0.0000000001	-0.0000000002	-0.0000000001	-0.0000000000	-0.0000000000	-0.0000000000	-0.0000000000	-0.0000000000	-0.0000000000	-0.0000000000	-0.0000000000	-0.0000000000	-0.0000000000	0.0000000000	-0.0000000000	-0.0000000000	0.0000000000	0.0000000000	0.0000000000	0.0000000000	0.0000000000	0.0000000000	0.0000000000	0.0000000000	0.0000000000	0.0000000000	0.0000000000	0.0000000000	0.0000000000	0.0000000000	-0.0000000000	-0.0000000000	-0.0000000000	-0.0000000000	-0.0000000000	-0.0000000000	-0.0000000000	0.0000000000	0.0000000000	0.0000000000	0.0000000000	0.0000000000	0.0000000002	0.0000000001	-0.0000000002	-0.0000000001	-0.0000000000	-0.0000000000	-0.0000000000	0.0000000003	0.0000000001	-0.0000000002	-0.0000000001	-0.0000000000	-0.0000000000	-0.0000000000	-0.0000000000	-0.0000000000	-0.0000000000	-0.0000000000	-0.0000000000	-0.0000000000	-0.0000000000	0.0000000000	-0.0000000000	-0.0000000000	0.0000000000	0.0000000000	0.0000000000	0.0000000000	0.0000000000	0.0000000000	0.0000000000	0.0000000000	0.0000000000	0.0000000000	0.0000000000	0.0000000000	0.0000000000	0.0000000000	-0.0000000000	-0.0000000000	-0.0000000000	-0.0000000000	-0.0000000000	-0.0000000000	-0.0000000000	0.0000000000	0.0000000000	0.0000000000	0.0000000000	0.0000000000	0.0000000002	0.0000000001	-0.0000000002
-0.2481337187	-0.1243941417	-0.0622794315	-0.0311603741	-0.0155850135	-0.0077938874	-0.0038976357	-0.0019488179	-0.0009744090	-0.0004872045	-0.0002436022	-0.0001218011	-0.0000609006	-0.0000304503	-0.0000152251	-0.0000076126	-0.0000038063	-0.0000012688	0.0000000000	-0.0000011102	-0.0000011102	0.0000000000	0.0000000000	0.0000000000	0.0000000000	0.0000000000	0.0000000000	0.0000000000	0.0000000000	0.0000000000	0.0000000000	0.0000000000	0.0000000000	1.3084815579	2.5757971479	2.4969382231	2.4244460628	2.3572609621	2.2944956281	2.2353909945	1.1033328987	-1.1033328987	-2.2353909945	-2.2944956281	-2.3572609621	-2.4244460628	-2.4969382231	-1.9161674090	-0.9772867052	-0.4936830705	-0.2481337187	-0.1243941417	-0.0622794315	-0.0311603741	-0.0155850135	-0.0077938874	-0.0038976357	-0.0019488179	-0.0009744090	-0.0004872045	-0.0002436022	-0.0001218011	-0.0000609006	-0.0000304503	-0.0000152251	-0.0000076126	-0.0000038063	-0.0000012688	0.0000000000	-0.0000011102	-0.0000011102	0.0000000000	0.0000000000	0.0000000000	0.0000000000	0.0000000000	0.0000000000	0.0000000000	0.0000000000	0.0000000000	0.0000000000	0.0000000000	0.0000000000	1.3084815579	2.5757971479	2.4969382231	2.4244460628	2.3572609621	2.2944956281	2.2353909945	1.1033328987	-1.1033328987	-2.2353909945	-2.2944956281	-2.3572609621	-2.4244460628	-2.4969382231	-1.9161674090	-0.9772867052	-0.4936830704
0.5208622336	0.2610356161	0.1306700774	0.0653732504	0.0326955549	0.0163503321	0.0081764463	0.0040882233	0.0020441117	0.0010220558	0.0005110279	0.0002555140	0.0001277570	0.0000638785	0.0000319392	0.0000159696	0.0000079848	0.0000026616	0.0000000000	0.0000023289	0.0000023289	0.0000000000	0.0000000000	0.0000000000	0.0000000000	0.0000000000	0.0000000000	0.0000000000	0.0000000000	0.0000000000	0.0000000000	0.0000000000	0.0000000000	-2.7505439505	-5.4260826368	-5.2836372830	-5.1552354930	-5.0389119816	-4.9330695986	-4.8363953375	-2.3951008242	2.3951008242	4.8363953375	4.9330695986	5.0389119816	5.1552354930	5.2836372830	4.0409123452	2.0554144888	1.0369604615	0.5208622336	0.2610356160	0.1306700774	0.0653732504	0.0326955549	0.0163503321	0.0081764463	0.0040882233	0.0020441117	0.0010220558	0.0005110279	0.0002555140	0.0001277570	0.0000638785	0.0000319392	0.0000159696	0.0000079848	0.0000026616	0.0000000000	0.0000023289	0.0000023289	0.0000000000	0.0000000000	0.0000000000	0.0000000000	0.0000000000	0.0000000000	0.0000000000	0.0000000000	0.0000000000	0.0000000000	0.0000000000	0.0000000000	-2.7505439505	-5.4260826368	-5.2836372830	-5.1552354930	-5.0389119816	-4.9330695986	-4.8363953375	-2.3951008242	2.3951008242	4.8363953375	4.9330695986	5.0389119816	5.1552354930	5.2836372830	4.0409123452	2.0554144888	1.0369604614
0.0000000000	0.0000000000	0.0000000000	0.0000000000	0.0000000000	0.0000000000	0.0000000000	0.0000000000	-0.0000000000	-0.0000000000	0.0000000000	0.0000000000	0.0000000000	0.0000000000	0.0000000000	0.0000000000	0.0000000000	-0.0000000000	-0.0000000000	-0.0000000000	-0.0000000000	-0.0000000000	-0.0000000002	-0.0000000001	0.0000000002	0.0000000001	0.0000000000	0.0000000000	0.0000000000	-0.0000000003	-0.0000000001	0.0000000002	0.0000000001	0.0000000000	0.0000000000	0.0000000000	0.0000000000	0.0000000000	0.0000000000	0.0000000000	0.0000000000	0.0000000000	0.0000000000	0.0000000000	0.0000000000	0.0000000000	0.0000000000	0.0000000000	0.0000000000	0.0000000000	0.0000000000	0.0000000000	0.0000000000	0.0000000000	0.0000000000	0.0000000000	0.0000000000	0.0000000000	-0.0000000000	-0.0000000000	0.0000000000	0.0000000000	0.0000000000	0.0000000000	0.0000000000	0.0000000000	0.0000000000	-0.0000000000	-0.0000000000	-0.0000000000	-0.0000000000	-0.0000000000	-0.0000000002	-0.0000000001	0.0000000002	0.0000000001	0.0000000000	0.0000000000	0.0000000000	-0.0000000003	-0.0000000001	0.0000000002	0.0000000001	0.0000000000	0.0000000000	0.0000000000	0.0000000000	0.0000000000	0.0000000000	0.0000000000	0.0000000000	0.0000000000	0.0000000000	0.0000000000	0.0000000000	0.0000000000	0.0000000000	0.0000000000	0.0000000000	0.0000000000
-0.0000001536	0.0000000000	0.0000000000	0.0000000000	0.0000000000	0.0000000000	0.0000000000	0.0000000000	1.3084817116	2.5757973015	2.4969382231	2.4244460628	2.3572609621	2.2944956281	2.2353909945	1.1033328987	-1.1033328987	-2.2353909945	-2.2944956281	-2.3572609621	-2.4244460628	-2.4969382231	-1.9161674090	-0.9772867052	-0.4936830705	-0.2481337187	-0.1243941417	-0.0622794315	-0.0311603741	-0.0155850135	-0.0077938874	-0.0038976357	-0.0019488179	-0.0009744090	-0.0004872045	-0.0002436022	-0.0001218011	-0.0000609006	-0.0000304503	-0.0000152251	-0.0000076126	-0.0000038063	-0.0000012688	0.0000000000	-0.0000011102	-0.0000011102	0.0000000000	0.0000000000	0.0000000000	0.0000000000	0.0000000000	0.0000000000	0.0000000000	0.0000000000	0.0000000000	0.0000000000	0.0000000000	0.0000000000	1.3084815579	2.5757971479	2.4969382231	2.4244460628	2.3572609621	2.2944956281	2.2353909945	1.1033328987	-1.1033328987	-2.2353909945	-2.2944956281	-2.3572609621	-2.4244460628	-2.4969382231	-1.9161674090	-0.9772867052	-0.4936830705	-0.2481337187	-0.1243941417	-0.0622794315	-0.0311603741	-0.0155850135	-0.0077938874	-0.0038976357	-0.0019488179	-0.0009744090	-0.0004872045	-0.0002436022	-0.0001218011	-0.0000609006	-0.0000304503	-0.0000152251	-0.0000076126	-0.0000038063	-0.0000012688	0.0000000000	-0.0000011102	-0.0000011102	0.0000000000	0.0000000000	0.0000000000	-0.0000001536
0.0000003223	0.0000000000	0.0000000000	0.0000000000	0.0000000000	0.0000000000	0.0000000000	0.0000000000	-2.7505442729	-5.4260829592	-5.2836372830	-5.1552354930	-5.0389119816	-4.9330695986	-4.8363953375	-2.3951008242	2.3951008242	4.8363953375	4.9330695986	5.0389119816	5.1552354930	5.2836372830	4.0409123452	2.0554144888	1.0369604615	0.5208622336	0.2610356160	0.1306700774	0.0653732504	0.0326955549	0.0163503321	0.0081764463	0.0040882233	0.0020441117	0.0010220558	0.0005110279	0.0002555140	0.0001277570	0.0000638785	0.0000319392	0.0000159696	0.0000079848	0.0000026616	0.0000000000	0.0000023289	0.0000023289	0.0000000000	0.0000000000	0.0000000000	0.0000000000	0.0000000000	0.0000000000	0.0000000000	0.0000000000	0.0000000000	0.0000000000	0.0000000000	0.0000000000	-2.7505439505	-5.4260826368	-5.2836372830	-5.1552354930	-5.0389119816	-4.9330695986	-4.8363953375	-2.3951008242	2.3951008242	4.8363953375	4.9330695986	5.0389119816	5.1552354930	5.2836372830	4.0409123452	2.0554144888	1.0369604615	0.5208622336	0.2610356160	0.1306700774	0.0653732504	0.0326955549	0.0163503321	0.0081764463	0.0040882233	0.0020441117	0.0010220558	0.0005110279	0.0002555140	0.0001277570	0.0000638785	0.0000319392	0.0000159696	0.0000079848	0.0000026616	0.0000000000	0.0000023289	0.0000023289	0.0000000000	0.0000000000	0.0000000000	0.0000003223
-0.0000000000	0.0000000000	0.0000000000	0.0000000000	0.0000000000	0.0000000000	0.0000000000	0.0000000000	0.0000000000	0.0000000000	-0.0000000000	-0.0000000000	-0.0000000000	-0.0000000000	-0.0000000000	-0.0000000000	-0.0000000000	0.0000000000	0.0000000000	0.0000000000	0.0000000000	0.0000000000	0.0000000002	0.0000000001	-0.0000000002	-0.0000000001	-0.0000000000	-0.0000000000	-0.0000000000	0.0000000003	0.0000000001	-0.0000000002	-0.0000000001	-0.0000000000	-0.0000000000	-0.0000000000	-0.0000000000	-0.0000000000	-0.0000000000	-0.0000000000	-0.0000000000	-0.0000000000	-0.0000000000	0.0000000000	-0.0000000000	-0.0000000000	0.0000000000	0.0000000000	0.0000000000	0.0000000000	0.0000000000	0.0000000000	0.0000000000	0.0000000000	0.0000000000	0.0000000000	0.0000000000	0.0000000000	0.0000000000	0.0000000000	-0.0000000000	-0.0000000000	-0.0000000000	-0.0000000000	-0.0000000000	-0.0000000000	-0.0000000000	0.0000000000	0.0000000000	0.0000000000	0.0000000000	0.0000000000	0.0000000002	0.0000000001	-0.0000000002	-0.0000000001	-0.0000000000	-0.0000000000	-0.0000000000	0.0000000003	0.0000000001	-0.0000000002	-0.0000000001	-0.0000000000	-0.0000000000	-0.0000000000	-0.0000000000	-0.0000000000	-0.0000000000	-0.0000000000	-0.0000000000	-0.0000000000	-0.0000000000	0.0000000000	-0.0000000000	-0.0000000000	0.0000000000	0.0000000000	0.0000000000	-0.0000000000
-0.0000001536	0.0000000000	0.0000000000	0.0000000000	0.0000000000	0.0000000000	0.0000000000	0.0000000000	1.3084817116	2.5757973015	2.4969382231	2.4244460628	2.3572609621	2.2944956281	2.2353909945	1.1033328987	-1.1033328987	-2.2353909945	-2.2944956281	-2.3572609621	-2.4244460628	-2.4969382231	-1.9161674090	-0.9772867052	-0.4936830705	-0.2481337187	-0.1243941417	-0.0622794315	-0.0311603741	-0.0155850135	-0.0077938874	-0.0038976357	-0.0019488179	-0.0009744090	-0.0004872045	-0.0002436022	-0.0001218011	-0.0000609006	-0.0000304503	-0.0000152251	-0.0000076126	-0.0000038063	-0.0000012688	0.0000000000	-0.0000011102	-0.0000011102	0.0000000000	0.0000000000	0.0000000000	0.0000000000	0.0000000000	0.0000000000	0.0000000000	0.0000000000	0.0000000000	0.0000000000	0.0000000000	0.0000000000	1.3084815579	2.5757971479	2.4969382231	2.4244460628	2.3572609621	2.2944956281	2.2353909945	1.1033328987	-1.1033328987	-2.2353909945	-2.2944956281	-2.3572609621	-2.4244460628	-2.4969382231	-1.9161674090	-0.9772867052	-0.4936830705	-0.2481337187	-0.1243941417	-0.0622794315	-0.0311603741	-0.0155850135	-0.0077938874	-0.0038976357	-0.0019488179	-0.0009744090	-0.0004872045	-0.0002436022	-0.0001218011	-0.0000609006	-0.0000304503	-0.0000152251	-0.0000076126	-0.0000038063	-0.0000012688	0.0000000000	-0.0000011102	-0.0000011102	0.0000000000	0.0000000000	0.0000000000	-0.0000001536
0.0000003223	0.0000000000	0.0000000000	0.0000000000	0.0000000000	0.0000000000	0.0000000000	0.0000000000	-2.7505442729	-5.4260829592	-5.2836372830	-5.1552354930	-5.0389119816	-4.9330695986	-4.8363953375	-2.3951008242	2.3951008242	4.8363953375	4.9330695986	5.0389119816	5.1552354930	5.2836372830	4.0409123452	2.0554144888	1.0369604615	0.5208622336	0.2610356160	0.1306700774	0.0653732504	0.0326955549	0.0163503321	0.0081764463	0.0040882233	0.0020441117	0.0010220558	0.0005110279	0.0002555140	0.0001277570	0.0000638785	0.0000319392	0.0000159696	0.0000079848	0.0000026616	0.0000000000	0.0000023289	0.0000023289	0.0000000000	0.0000000000	0.0000000000	0.0000000000	0.0000000000	0.0000000000	0.0000000000	0.0000000000	0.0000000000	0.0000000000	0.0000000000	0.0000000000	-2.7505439505	-5.4260826368	-5.2836372830	-5.1552354930	-5.0389119816	-4.9330695986	-4.8363953375	-2.3951008242	2.3951008242	4.8363953375	4.9330695986	5.0389119816	5.1552354930	5.2836372830	4.0409123452	2.0554144888	1.0369604615	0.5208622336	0.2610356160	0.1306700774	0.0653732504	0.0326955549	0.0163503321	0.0081764463	0.0040882233	0.0020441117	0.0010220558	0.0005110279	0.0002555140	0.0001277570	0.0000638785	0.0000319392	0.0000159696	0.0000079848	0.0000026616	0.0000000000	0.0000023289	0.0000023289	0.0000000000	0.0000000000	0.0000000000	0.0000003223
0.0000000001	0.0000000000	0.0000000000	0.0000000000	-0.0000000003	-0.0000000001	0.0000000002	0.0000000001	0.0000000000	0.0000000000	0.0000000000	0.0000000000	0.0000000000	0.0000000000	0.0000000000	0.0000000000	0.0000000000	0.0000000000	0.0000000000	0.0000000000	0.0000000000	0.0000000000	0.0000000000	0.0000000000	0.0000000000	0.0000000000	0.0000000000	0.0000000000	0.0000000000	0.0000000000	0.0000000000	0.0000000000	0.0000000000	-0.0000000000	-0.0000000000	0.0000000000	0.0000000000	0.0000000000	0.0000000000	0.0000000000	0.0000000000	0.0000000000	-0.0000000000	-0.0000000000	-0.0000000000	-0.0000000000	-0.0000000000	-0.0000000002	-0.0000000001	0.0000000002	0.0000000001	0.0000000000	0.0000000000	0.0000000000	-0.0000000003	-0.0000000001	0.0000000002	0.0000000001	0.0000000000	0.0000000000	0.0000000000	0.0000000000	0.0000000000	0.0000000000	0.0000000000	0.0000000000	0.0000000000	0.0000000000	0.0000000000	0.0000000000	0.0000000000	0.0000000000	0.0000000000	0.0000000000	0.0000000000	0.0000000000	0.0000000000	0.0000000000	0.0000000000	0.0000000000	0.0000000000	0.0000000000	0.0000000000	-0.0000000000	-0.0000000000	0.0000000000	0.0000000000	0.0000000000	0.0000000000	0.0000000000	0.0000000000	0.0000000000	-0.0000000000	-0.0000000000	-0.0000000000	-0.0000000000	-0.0000000000	-0.0000000002	-0.0000000001	0.0000000002
-0.2481337187	-0.1243941417	-0.0622794315	-0.0311603741	-0.0155850135	-0.0077938874	-0.0038976357	-0.0019488179	-0.0009744090	-0.0004872045	-0.0002436022	-0.0001218011	-0.0000609006	-0.0000304503	-0.0000152251	-0.0000076126	-0.0000038063	-0.0000012688	0.0000000000	-0.0000011102	-0.0000011102	0.0000000000	0.0000000000	0.0000000000	0.0000000000	0.0000000000	0.0000000000	0.0000000000	0.0000000000	0.0000000000	0.0000000000	0.0000000000	0.0000000000	1.3084815579	2.5757971479	2.4969382231	2.4244460628	2.3572609621	2.2944956281	2.2353909945	1.1033328987	-1.1033328987	-2.2353909945	-2.2944956281	-2.3572609621	-2.4244460628	-2.4969382231	-1.9161674090	-0.9772867052	-0.4936830705	-0.2481337187	-0.1243941417	-0.0622794315	-0.0311603741	-0.0155850135	-0.0077938874	-0.0038976357	-0.0019488179	-0.0009744090	-0.0004872045	-0.0002436022	-0.0001218011	-0.0000609006	-0.0000304503	-0.0000152251	-0.0000076126	-0.0000038063	-0.0000012688	0.0000000000	-0.0000011102	-0.0000011102	0.0000000000	0.0000000000	0.0000000000	0.0000000000	0.0000000000	0.0000000000	0.0000000000	0.0000000000	0.0000000000	0.0000000000	0.0000000000	0.0000000000	1.3084815579	2.5757971479	2.4969382231	2.4244460628	2.3572609621	2.2944956281	2.2353909945	1.1033328987	-1.1033328987	-2.2353909945	-2.2944956281	-2.3572609621	-2.4244460628	-2.4969382231	-1.9161674090	-0.9772867052	-0.4936830704
0.5208622336	0.2610356161	0.1306700774	0.0653732504	0.0326955549	0.0163503321	0.0081764463	0.0040882233	0.0020441117	0.0010220558	0.0005110279	0.0002555140	0.0001277570	0.0000638785	0.0000319392	0.0000159696	0.0000079848	0.0000026616	0.0000000000	0.0000023289	0.0000023289	0.0000000000	0.0000000000	0.0000000000	0.0000000000	0.0000000000	0.0000000000	0.0000000000	0.0000000000	0.0000000000	0.0000000000	0.0000000000	0.0000000000	-2.7505439505	-5.4260826368	-5.2836372830	-5.1552354930	-5.0389119816	-4.9330695986	-4.8363953375	-2.3951008242	2.3951008242	4.8363953375	4.9330695986	5.0389119816	5.1552354930	5.2836372830	4.0409123452	2.0554144888	1.0369604615	0.5208622336	0.2610356160	0.1306700774	0.0653732504	0.0326955549	0.0163503321	0.0081764463	0.0040882233	0.0020441117	0.0010220558	0.0005110279	0.0002555140	0.0001277570	0.0000638785	0.0000319392	0.0000159696	0.0000079848	0.0000026616	0.0000000000	0.0000023289	0.0000023289	0.0000000000	0.0000000000	0.0000000000	0.0000000000	0.0000000000	0.0000000000	0.0000000000	0.0000000000	0.0000000000	0.0000000000	0.0000000000	0.0000000000	-2.7505439505	-5.4260826368	-5.2836372830	-5.1552354930	-5.0389119816	-4.9330695986	-4.8363953375	-2.3951008242	2.3951008242	4.8363953375	4.9330695986	5.0389119816	5.1552354930	5.2836372830	4.0409123452	2.0554144888	1.0369604614
0.0000000000	0.0000000000	0.0000000000	0.0000000000	0.0000000000	0.0000000000	0.0000000000	0.0000000000	0.0000000000	0.0000000000	0.0000000000	0.0000000000	0.0000000000	0.0000000000	0.0000000000	0.0000000000	0.0000000000	0.0000000000	0.0000000000	0.0000000000	0.0000000000	0.0000000000	0.0000000000	0.0000000000	0.0000000000	0.0000000000	0.0000000000	0.0000000000	0.0000000000	0.0000000000	0.0000000000	0.0000000000	0.0000000000	0.0000000000	0.0000000000	0.0000000000	0.0000000000	0.0000000000	0.0000000000	0.0000000000	0.0000000000	0.0000000000	0.0000000000	0.0000000000	0.0000000000	0.0000000000	0.0000000000	0.0000000000	0.0000000000	0.0000000000	0.0000000000	0.0000000000	0.0000000000	0.0000000000	0.0000000000	0.0000000000	0.0000000000	0.0000000000	0.0000000000	0.0000000000	0.0000000000	0.0000000000	0.0000000000	0.0000000000	0.0000000000	0.0000000000	0.0000000000	0.0000000000	0.0000000000	0.0000000000	0.0000000000	0.0000000000	0.0000000000	0.0000000000	0.0000000000	0.0000000000	0.0000000000	0.0000000000	0.0000000000	0.0000000000	0.0000000000	0.0000000000	0.0000000000	0.0000000000	0.0000000000	0.0000000000	0.0000000000	0.0000000000	0.0000000000	0.0000000000	0.0000000000	0.0000000000	0.0000000000	0.0000000000	0.0000000000	0.0000000000	0.0000000000	0.0000000000	0.0000000000	0.0000000000
0.0000000000	0.0000000000	0.0000000000	0.0000000000	0.0000000000	0.0000000000	0.0000000000	0.0000000000	0.0000000000	0.0000000000	0.0000000000	0.0000000000	0.0000000000	0.0000000000	0.0000000000	0.0000000000	0.0000000000	0.0000000000	0.0000000000	0.0000000000	0.0000000000	0.0000000000	0.0000000000	0.0000000000	0.0000000000	0.0000000000	0.0000000000	0.0000000000	0.0000000000	0.0000000000	0.0000000000	0.0000000000	0.0000000000	0.0000000000	0.0000000000	0.0000000000	0.0000000000	0.0000000000	0.0000000000	0.0000000000	0.0000000000	0.0000000000	0.0000000000	0.0000000000	0.0000000000	0.0000000000	0.0000000000	0.0000000000	0.0000000000	0.0000000000	0.0000000000	0.0000000000	0.0000000000	0.0000000000	0.0000000000	0.0000000000	0.0000000000	0.0000000000	0.0000000000	0.0000000000	0.0000000000	0.0000000000	0.0000000000	0.0000000000	0.0000000000	0.0000000000	0.0000000000	0.0000000000	0.0000000000	0.0000000000	0.0000000000	0.0000000000	0.0000000000	0.0000000000	0.0000000000	0.0000000000	0.0000000000	0.0000000000	0.0000000000	0.0000000000	0.0000000000	0.0000000000	0.0000000000	0.0000000000	0.0000000000	0.0000000000	0.0000000000	0.0000000000	0.0000000000	0.0000000000	0.0000000000	0.0000000000	0.0000000000	0.0000000000	0.0000000000	0.0000000000	0.0000000000	0.0000000000	0.0000000000	0.0000000000
0.0000000000	0.0000000000	0.0000000000	0.0000000000	0.0000000000	0.0000000000	0.0000000000	0.0000000000	0.0000000000	0.0000000000	0.0000000000	0.0000000000	0.0000000000	0.0000000000	0.0000000000	0.0000000000	0.0000000000	0.0000000000	0.0000000000	0.0000000000	0.0000000000	0.0000000000	0.0000000000	0.0000000000	0.0000000000	0.0000000000	0.0000000000	0.0000000000	0.0000000000	0.0000000000	0.0000000000	0.0000000000	0.0000000000	0.0000000000	0.0000000000	0.0000000000	0.0000000000	0.0000000000	0.0000000000	0.0000000000	0.0000000000	0.0000000000	0.0000000000	0.0000000000	0.0000000000	0.0000000000	0.0000000000	0.0000000000	0.0000000000	0.0000000000	0.0000000000	0.0000000000	0.0000000000	0.0000000000	0.0000000000	0.0000000000	0.0000000000	0.0000000000	0.0000000000	0.0000000000	0.0000000000	0.0000000000	0.0000000000	0.0000000000	0.0000000000	0.0000000000	0.0000000000	0.0000000000	0.0000000000	0.0000000000	0.0000000000	0.0000000000	0.0000000000	0.0000000000	0.0000000000	0.0000000000	0.0000000000	0.0000000000	0.0000000000	0.0000000000	0.0000000000	0.0000000000	0.0000000000	0.0000000000	0.0000000000	0.0000000000	0.0000000000	0.0000000000	0.0000000000	0.0000000000	0.0000000000	0.0000000000	0.0000000000	0.0000000000	0.0000000000	0.0000000000	0.0000000000	0.0000000000	0.0000000000	0.0000000000
0.0000000000	0.0000000000	0.0000000000	0.0000000000	0.0000000000	0.0000000000	0.0000000000	0.0000000000	0.0000000000	0.0000000000	0.0000000000	0.0000000000	0.0000000000	0.0000000000	0.0000000000	0.0000000000	0.0000000000	0.0000000000	0.0000000000	0.0000000000	0.0000000000	0.0000000000	0.0000000000	0.0000000000	0.0000000000	0.0000000000	0.0000000000	0.0000000000	0.0000000000	0.0000000000	0.0000000000	0.0000000000	0.0000000000	0.0000000000	0.0000000000	0.0000000000	0.0000000000	0.0000000000	0.0000000000	0.0000000000	0.0000000000	0.0000000000	0.0000000000	0.0000000000	0.0000000000	0.0000000000	0.0000000000	0.0000000000	0.0000000000	0.0000000000	0.0000000000	0.0000000000	0.0000000000	0.0000000000	0.0000000000	0.0000000000	0.0000000000	0.0000000000	0.0000000000	0.0000000000	0.0000000000	0.0000000000	0.0000000000	0.0000000000	0.0000000000	0.0000000000	0.0000000000	0.0000000000	0.0000000000	0.0000000000	0.0000000000	0.0000000000	0.0000000000	0.0000000000	0.0000000000	0.0000000000	0.0000000000	0.0000000000	0.0000000000	0.0000000000	0.0000000000	0.0000000000	0.0000000000	0.0000000000	0.0000000000	0.0000000000	0.0000000000	0.0000000000	0.0000000000	0.0000000000	0.0000000000	0.0000000000	0.0000000000	0.0000000000	0.0000000000	0.0000000000	0.0000000000	0.0000000000	0.0000000000	0.0000000000
