# Go2 + SO-ARM100 kinematically transferred gait; foot x/y centered on the Go2 keyframe, stance grounded, base height=0.27m, and swing height=0.06m; source Go2-FK height=0.0930604m; max IK residual=3.54493e-08m; rows: 12 leg q, 4 arm q, 12 leg dq, 4 arm dq
4.5952841282370728e-11	5.0065518194155858e-11	5.219854232068581e-11	5.3284555143119793e-11	5.3832355508991792e-11	5.4107263304950639e-11	5.4245022371501213e-11	5.4314109280641448e-11	5.4348649664588506e-11	5.4365867375204228e-11	5.4374474668014234e-11	5.4378835043950022e-11	5.4380915619559535e-11	5.4382049942862711e-11	5.4382616634102061e-11	5.4382899774053616e-11	5.4382989511797852e-11	5.4383106253011175e-11	5.4383030714004134e-11	5.4383063532187315e-11	5.4383102622063826e-11	5.4383150711342802e-11	5.4383170703758058e-11	5.4383131032840933e-11	5.4383096117030289e-11	5.4383094756450531e-11	5.4383094557487951e-11	5.4383097800984728e-11	5.4383097209160988e-11	5.4383075839040853e-11	5.4383076982355833e-11	5.4383083295686127e-11	5.4383084425987902e-11	5.4383078021879499e-11	7.9232617868426319e-12	1.4438753758271351e-10	5.9180867368424292e-11	1.3481701844084987e-11	3.6845706961378308e-11	1.3149109810589771e-11	4.8170135643423816e-11	4.8170133055840733e-11	1.3149109810589771e-11	3.6845706973738215e-11	1.3481701844084987e-11	5.9180874369109415e-11	1.4438753758271351e-10	7.923261781665722e-12	2.5374663733564442e-11	3.8327221157185801e-11	4.5952841282370728e-11	5.0065518194155858e-11	5.219854232068581e-11	5.3284555143119793e-11	5.3832355508991792e-11	5.4107263304950639e-11	5.4245022371501213e-11	5.4314109280641448e-11	5.4348649664588506e-11	5.4365867375204228e-11	5.4374474668014234e-11	5.4378835043950022e-11	5.4380915619559535e-11	5.4382049942862711e-11	5.4382616634102061e-11	5.4382899774053616e-11	5.4382989511797852e-11	5.4383106253011175e-11	5.4383030714004134e-11	5.4383063532187315e-11	5.4383102622063826e-11	5.4383150711342802e-11	5.4383170703758058e-11	5.4383131032840933e-11	5.4383096117030289e-11	5.4383094756450531e-11	5.4383094557487951e-11	5.4383097800984728e-11	5.4383097209160988e-11	5.4383075839040853e-11	5.4383076982355833e-11	5.4383083295686127e-11	5.4383084425987902e-11	5.4383078021879499e-11	7.9232617868426319e-12	1.4438753758271351e-10	5.9180867368424292e-11	1.3481701844084987e-11	3.6845706961378308e-11	1.3149109810589771e-11	4.8170135643423816e-11	4.8170133055840733e-11	1.3149109810589771e-11	3.6845706973738215e-11	1.3481701844084987e-11	5.9180874369109415e-11	1.4438753758271351e-10	7.923261781665722e-12	2.5374663733564442e-11	3.8327221157185801e-11
0.95782982567732744	0.95629137849780343	0.95552152261259293	0.95513643611256571	0.95494385316255848	0.9548475517549645	0.95479939856707019	0.95477532135198029	0.95476328258913412	0.95475726316888465	0.95475425344905251	0.95475274858670955	0.954751996154932	0.95475161993889091	0.95475143183083278	0.95475133777679422	0.9547512907497725	0.95475126723626058	0.95475125547950512	0.95475124960112723	0.95475124666193834	0.95475124519234378	0.95475124445754622	0.95475124409014789	0.95475124390644894	0.95475124381459886	0.95475124376867382	0.95475124374571152	0.95475124373422982	0.95475124372849007	0.95475124372561948	0.95475124372418463	0.95475124372346609	0.954751243722749	0.97919571438469977	1.0032402540199774	1.0269155441921149	1.0502497804801516	1.0732681248155413	1.0959929974803491	1.1184452248411954	1.1184452248411954	1.0959929974803491	1.0732681248155411	1.0502497804801516	1.0269155441921152	1.0032402540199774	0.97919571438469977	0.96702555836132986	0.96090169242390444	0.95782982567732744	0.95629137849780343	0.95552152261259293	0.95513643611256571	0.95494385316255848	0.9548475517549645	0.95479939856707019	0.95477532135198029	0.95476328258913412	0.95475726316888465	0.95475425344905251	0.95475274858670955	0.954751996154932	0.95475161993889091	0.95475143183083278	0.95475133777679422	0.9547512907497725	0.95475126723626058	0.95475125547950512	0.95475124960112723	0.95475124666193834	0.95475124519234378	0.95475124445754622	0.95475124409014789	0.95475124390644894	0.95475124381459886	0.95475124376867382	0.95475124374571152	0.95475124373422982	0.95475124372849007	0.95475124372561948	0.95475124372418463	0.95475124372346609	0.954751243722749	0.97919571438469977	1.0032402540199774	1.0269155441921149	1.0502497804801516	1.0732681248155413	1.0959929974803491	1.1184452248411954	1.1184452248411954	1.0959929974803491	1.0732681248155411	1.0502497804801516	1.0269155441921152	1.0032402540199774	0.97919571438469977	0.96702555836132986	0.96090169242390444
-1.9144031259406358	-1.9113177054241453	-1.9097737442704645	-1.9090014499891772	-1.9086152242994685	-1.9084220918019537	-1.9083255206381065	-1.9082772338271692	-1.9082530901144166	-1.9082410181812164	-1.9082349821954092	-1.9082319641977039	-1.9082304551976512	-1.9082297006973241	-1.9082293234470862	-1.9082291348219484	-1.9082290405093745	-1.9082289933530865	-1.9082289697749422	-1.9082289579858696	-1.9082289520913338	-1.9082289491440656	-1.9082289476704313	-1.9082289469336144	-1.9082289465652067	-1.9082289463810018	-1.9082289462888997	-1.9082289462428481	-1.9082289462198228	-1.9082289462083108	-1.9082289462025539	-1.908228946199676	-1.9082289461982362	-1.9082289461967976	-1.957258241987738	-2.0054979810164593	-2.0530108746687743	-2.0998546055082614	-2.1460810111284232	-2.1917372760272578	-2.2368669090523143	-2.2368669090523143	-2.1917372760272578	-2.1460810111284232	-2.0998546055082614	-2.0530108746687747	-2.0054979810164593	-1.957258241987738	-1.9328465283200389	-1.9205640221804798	-1.9144031259406358	-1.9113177054241453	-1.9097737442704645	-1.9090014499891772	-1.9086152242994685	-1.9084220918019537	-1.9083255206381065	-1.9082772338271692	-1.9082530901144166	-1.9082410181812164	-1.9082349821954092	-1.9082319641977039	-1.9082304551976512	-1.9082297006973241	-1.9082293234470862	-1.9082291348219484	-1.9082290405093745	-1.9082289933530865	-1.9082289697749422	-1.9082289579858696	-1.9082289520913338	-1.9082289491440656	-1.9082289476704313	-1.9082289469336144	-1.9082289465652067	-1.9082289463810018	-1.9082289462888997	-1.9082289462428481	-1.9082289462198228	-1.9082289462083108	-1.9082289462025539	-1.908228946199676	-1.9082289461982362	-1.9082289461967976	-1.957258241987738	-2.0054979810164593	-2.0530108746687743	-2.0998546055082614	-2.1460810111284232	-2.1917372760272578	-2.2368669090523143	-2.2368669090523143	-2.1917372760272578	-2.1460810111284232	-2.0998546055082614	-2.0530108746687747	-2.0054979810164593	-1.957258241987738	-1.9328465283200389	-1.9205640221804798
-5.4383092258883723e-11	-5.4383084347020278e-11	-5.4383088765907619e-11	-5.4383095350068425e-11	-5.4383085085466745e-11	-5.4383096695964901e-11	-5.4383089490850362e-11	-5.4383076519055281e-11	-5.4383085776227903e-11	-7.9232714188943352e-12	-1.4438753740762253e-10	-5.9180861648103088e-11	-1.3481700938684521e-11	-3.6845706934194297e-11	-1.314911398044198e-11	-4.8170131894905978e-11	-4.8170131894905978e-11	-1.3149111999486688e-11	-3.6845706962679353e-11	-1.348170300862749e-11	-5.9180868625441038e-11	-1.4438754198891107e-10	-7.9232700119204974e-12	-2.5374902578706398e-11	-3.8327224178902221e-11	-4.5952923918273924e-11	-5.0065268353838033e-11	-5.2198520154793109e-11	-5.3284316397189052e-11	-5.3832123266775235e-11	-5.4107268440088708e-11	-5.4245029855966226e-11	-5.4314234138014458e-11	-5.4348640217662305e-11	-5.4365758210049627e-11	-5.4374468664380362e-11	-5.4378840779579858e-11	-5.438092645727413e-11	-5.4382043073296468e-11	-5.4382621224321667e-11	-5.4382903114125385e-11	-5.4382749427114167e-11	-5.4383096433474023e-11	-5.438313964950031e-11	-5.4383075317911276e-11	-5.4383127443954064e-11	-5.4383294400173151e-11	-5.4383173425616543e-11	-5.4383125028126763e-11	-5.4383102926015478e-11	-5.4383092258883723e-11	-5.4383084347020278e-11	-5.4383088765907619e-11	-5.4383095350068425e-11	-5.4383085085466745e-11	-5.4383096695964901e-11	-5.4383089490850362e-11	-5.4383076519055281e-11	-5.4383085776227903e-11	-7.9232714188943352e-12	-1.4438753740762253e-10	-5.9180861648103088e-11	-1.3481700938684521e-11	-3.6845706934194297e-11	-1.314911398044198e-11	-4.8170131894905978e-11	-4.8170131894905978e-11	-1.3149111999486688e-11	-3.6845706962679353e-11	-1.348170300862749e-11	-5.9180868625441038e-11	-1.4438754198891107e-10	-7.9232700119204974e-12	-2.5374902578706398e-11	-3.8327224178902221e-11	-4.5952923918273924e-11	-5.0065268353838033e-11	-5.2198520154793109e-11	-5.3284316397189052e-11	-5.3832123266775235e-11	-5.4107268440088708e-11	-5.4245029855966226e-11	-5.4314234138014458e-11	-5.4348640217662305e-11	-5.4365758210049627e-11	-5.4374468664380362e-11	-5.4378840779579858e-11	-5.438092645727413e-11	-5.4382043073296468e-11	-5.4382621224321667e-11	-5.4382903114125385e-11	-5.4382749427114167e-11	-5.4383096433474023e-11	-5.438313964950031e-11	-5.4383075317911276e-11	-5.4383127443954064e-11	-5.4383294400173151e-11	-5.4383173425616543e-11	-5.4383125028126763e-11	-5.4383102926015478e-11
0.95475124381459864	0.95475124376867337	0.95475124374571163	0.95475124373422937	0.95475124372848952	0.95475124372561926	0.95475124372418441	0.9547512437234662	0.95475124372274878	0.97919571438469954	1.0032402540199774	1.0269155441921147	1.0502497804801514	1.0732681248155411	1.0959929974803491	1.1184452248411954	1.1184452248411954	1.0959929974803491	1.0732681248155409	1.0502497804801514	1.0269155441921152	1.0032402540199774	0.97919571438469954	0.96702555836132975	0.96090169242390422	0.95782982567732677	0.95629137849780343	0.9555215226125926	0.95513643611256538	0.95494385316255803	0.95484755175496394	0.95479939856707008	0.95477532135198007	0.95476328258913401	0.95475726316888432	0.95475425344905229	0.95475274858670955	0.95475199615493167	0.95475161993889079	0.95475143183083266	0.95475133777679388	0.95475129074977239	0.95475126723626069	0.9547512554795049	0.95475124960112689	0.954751246661938	0.95475124519234411	0.954751244457546	0.95475124409014744	0.95475124390644828	0.95475124381459864	0.95475124376867337	0.95475124374571163	0.95475124373422937	0.95475124372848952	0.95475124372561926	0.95475124372418441	0.9547512437234662	0.95475124372274878	0.97919571438469954	1.0032402540199774	1.0269155441921147	1.0502497804801514	1.0732681248155411	1.0959929974803491	1.1184452248411954	1.1184452248411954	1.0959929974803491	1.0732681248155409	1.0502497804801514	1.0269155441921152	1.0032402540199774	0.97919571438469954	0.96702555836132975	0.96090169242390422	0.95782982567732677	0.95629137849780343	0.9555215226125926	0.95513643611256538	0.95494385316255803	0.95484755175496394	0.95479939856707008	0.95477532135198007	0.95476328258913401	0.95475726316888432	0.95475425344905229	0.95475274858670955	0.95475199615493167	0.95475161993889079	0.95475143183083266	0.95475133777679388	0.95475129074977239	0.95475126723626069	0.9547512554795049	0.95475124960112689	0.954751246661938	0.95475124519234411	0.954751244457546	0.95475124409014744	0.95475124390644828
-1.908228946381002	-1.9082289462888995	-1.9082289462428486	-1.9082289462198223	-1.9082289462083104	-1.9082289462025541	-1.9082289461996758	-1.9082289461982365	-1.9082289461967976	-1.957258241987738	-2.0054979810164593	-2.0530108746687743	-2.0998546055082614	-2.1460810111284232	-2.1917372760272578	-2.2368669090523143	-2.2368669090523143	-2.1917372760272578	-2.1460810111284232	-2.0998546055082614	-2.0530108746687747	-2.0054979810164593	-1.957258241987738	-1.9328465283200391	-1.9205640221804794	-1.9144031259406351	-1.9113177054241455	-1.9097737442704645	-1.909001449989177	-1.9086152242994678	-1.9084220918019532	-1.9083255206381065	-1.9082772338271694	-1.9082530901144168	-1.9082410181812164	-1.9082349821954094	-1.9082319641977046	-1.908230455197651	-1.9082297006973246	-1.9082293234470857	-1.908229134821948	-1.9082290405093745	-1.9082289933530865	-1.9082289697749422	-1.9082289579858693	-1.9082289520913338	-1.908228949144066	-1.9082289476704313	-1.9082289469336144	-1.9082289465652058	-1.908228946381002	-1.9082289462888995	-1.9082289462428486	-1.9082289462198223	-1.9082289462083104	-1.9082289462025541	-1.9082289461996758	-1.9082289461982365	-1.9082289461967976	-1.957258241987738	-2.0054979810164593	-2.0530108746687743	-2.0998546055082614	-2.1460810111284232	-2.1917372760272578	-2.2368669090523143	-2.2368669090523143	-2.1917372760272578	-2.1460810111284232	-2.0998546055082614	-2.0530108746687747	-2.0054979810164593	-1.957258241987738	-1.9328465283200391	-1.9205640221804794	-1.9144031259406351	-1.9113177054241455	-1.9097737442704645	-1.909001449989177	-1.9086152242994678	-1.9084220918019532	-1.9083255206381065	-1.9082772338271694	-1.9082530901144168	-1.9082410181812164	-1.9082349821954094	-1.9082319641977046	-1.908230455197651	-1.9082297006973246	-1.9082293234470857	-1.908229134821948	-1.9082290405093745	-1.9082289933530865	-1.9082289697749422	-1.9082289579858693	-1.9082289520913338	-1.908228949144066	-1.9082289476704313	-1.9082289469336144	-1.9082289465652058
5.4383100944543198e-11	5.4383083268065739e-11	5.438308616548421e-11	5.4383084869810006e-11	5.4383079285991801e-11	5.4383088281991244e-11	5.4383067496643961e-11	5.4383080118632632e-11	5.4383078589676951e-11	7.9232573555910091e-12	1.4438754663181133e-10	5.9180868416125466e-11	1.3481703805855479e-11	3.6845706939369003e-11	1.3149112762774216e-11	4.8170132426632565e-11	4.8170130859088908e-11	1.3149109648668339e-11	3.6845706943814233e-11	1.3481700132527531e-11	5.9180863530367461e-11	1.4438754419675208e-10	7.9232678601776379e-12	2.5374646218460822e-11	3.832723063541417e-11	4.5952918337997706e-11	5.0065505272031319e-11	5.2198535531057474e-11	5.3284561529764759e-11	5.3832260337840565e-11	5.4107275138513764e-11	5.4245029340105791e-11	5.431400616285624e-11	5.434864627567834e-11	5.436585744251125e-11	5.4374567521492238e-11	5.4378840466676457e-11	5.43809080373226e-11	5.438204232721347e-11	5.4382625209402407e-11	5.4382898957557696e-11	5.4382991673095061e-11	5.4383093177522387e-11	5.4383038863756452e-11	5.4383068147818737e-11	5.4383112024797903e-11	5.438305344482976e-11	5.4383070641934547e-11	5.4383115112425728e-11	5.438310011094201e-11	5.4383100944543198e-11	5.4383083268065739e-11	5.438308616548421e-11	5.4383084869810006e-11	5.4383079285991801e-11	5.4383088281991244e-11	5.4383067496643961e-11	5.4383080118632632e-11	5.4383078589676951e-11	7.9232573555910091e-12	1.4438754663181133e-10	5.9180868416125466e-11	1.3481703805855479e-11	3.6845706939369003e-11	1.3149112762774216e-11	4.8170132426632565e-11	4.8170130859088908e-11	1.3149109648668339e-11	3.6845706943814233e-11	1.3481700132527531e-11	5.9180863530367461e-11	1.4438754419675208e-10	7.9232678601776379e-12	2.5374646218460822e-11	3.832723063541417e-11	4.5952918337997706e-11	5.0065505272031319e-11	5.2198535531057474e-11	5.3284561529764759e-11	5.3832260337840565e-11	5.4107275138513764e-11	5.4245029340105791e-11	5.431400616285624e-11	5.434864627567834e-11	5.436585744251125e-11	5.4374567521492238e-11	5.4378840466676457e-11	5.43809080373226e-11	5.438204232721347e-11	5.4382625209402407e-11	5.4382898957557696e-11	5.4382991673095061e-11	5.4383093177522387e-11	5.4383038863756452e-11	5.4383068147818737e-11	5.4383112024797903e-11	5.438305344482976e-11	5.4383070641934547e-11	5.4383115112425728e-11	5.438310011094201e-11
0.95475124381459786	0.95475124376867282	0.95475124374571041	0.95475124373422926	0.95475124372848919	0.95475124372561837	0.95475124372418385	0.95475124372346576	0.95475124372274811	0.97919571438469866	1.0032402540199765	1.0269155441921141	1.0502497804801509	1.0732681248155402	1.0959929974803484	1.1184452248411945	1.1184452248411945	1.0959929974803484	1.07326812481554	1.0502497804801509	1.0269155441921141	1.0032402540199765	0.97919571438469866	0.96702555836132886	0.96090169242390333	0.95782982567732677	0.95629137849780221	0.95552152261259182	0.95513643611256493	0.95494385316255781	0.95484755175496339	0.95479939856706886	0.95477532135197951	0.95476328258913357	0.95475726316888343	0.95475425344905174	0.95475274858670889	0.95475199615493067	0.95475161993889024	0.954751431830832	0.95475133777679344	0.95475129074977183	0.9547512672362598	0.95475125547950412	0.95475124960112634	0.95475124666193723	0.95475124519234289	0.95475124445754522	0.95475124409014667	0.95475124390644761	0.95475124381459786	0.95475124376867282	0.95475124374571041	0.95475124373422926	0.95475124372848919	0.95475124372561837	0.95475124372418385	0.95475124372346576	0.95475124372274811	0.97919571438469866	1.0032402540199765	1.0269155441921141	1.0502497804801509	1.0732681248155402	1.0959929974803484	1.1184452248411945	1.1184452248411945	1.0959929974803484	1.07326812481554	1.0502497804801509	1.0269155441921141	1.0032402540199765	0.97919571438469866	0.96702555836132886	0.96090169242390333	0.95782982567732677	0.95629137849780221	0.95552152261259182	0.95513643611256493	0.95494385316255781	0.95484755175496339	0.95479939856706886	0.95477532135197951	0.95476328258913357	0.95475726316888343	0.95475425344905174	0.95475274858670889	0.95475199615493067	0.95475161993889024	0.954751431830832	0.95475133777679344	0.95475129074977183	0.9547512672362598	0.95475125547950412	0.95475124960112634	0.95475124666193723	0.95475124519234289	0.95475124445754522	0.95475124409014667	0.95475124390644761
-1.9082289463810018	-1.9082289462888995	-1.9082289462428481	-1.9082289462198225	-1.9082289462083108	-1.9082289462025537	-1.9082289461996758	-1.9082289461982367	-1.9082289461967976	-1.957258241987738	-2.0054979810164593	-2.0530108746687747	-2.0998546055082614	-2.1460810111284232	-2.1917372760272578	-2.2368669090523143	-2.2368669090523143	-2.1917372760272578	-2.1460810111284232	-2.0998546055082614	-2.0530108746687743	-2.0054979810164593	-1.957258241987738	-1.9328465283200387	-1.9205640221804794	-1.914403125940636	-1.9113177054241453	-1.9097737442704645	-1.9090014499891772	-1.9086152242994685	-1.9084220918019532	-1.9083255206381062	-1.908277233827169	-1.908253090114417	-1.9082410181812166	-1.9082349821954094	-1.9082319641977041	-1.908230455197651	-1.9082297006973243	-1.908229323447086	-1.9082291348219487	-1.9082290405093747	-1.9082289933530863	-1.9082289697749422	-1.9082289579858698	-1.9082289520913343	-1.9082289491440654	-1.9082289476704311	-1.9082289469336142	-1.9082289465652063	-1.9082289463810018	-1.9082289462888995	-1.9082289462428481	-1.9082289462198225	-1.9082289462083108	-1.9082289462025537	-1.9082289461996758	-1.9082289461982367	-1.9082289461967976	-1.957258241987738	-2.0054979810164593	-2.0530108746687747	-2.0998546055082614	-2.1460810111284232	-2.1917372760272578	-2.2368669090523143	-2.2368669090523143	-2.1917372760272578	-2.1460810111284232	-2.0998546055082614	-2.0530108746687743	-2.0054979810164593	-1.957258241987738	-1.9328465283200387	-1.9205640221804794	-1.914403125940636	-1.9113177054241453	-1.9097737442704645	-1.9090014499891772	-1.9086152242994685	-1.9084220918019532	-1.9083255206381062	-1.908277233827169	-1.908253090114417	-1.9082410181812166	-1.9082349821954094	-1.9082319641977041	-1.908230455197651	-1.9082297006973243	-1.908229323447086	-1.9082291348219487	-1.9082290405093747	-1.9082289933530863	-1.9082289697749422	-1.9082289579858698	-1.9082289520913343	-1.9082289491440654	-1.9082289476704311	-1.9082289469336142	-1.9082289465652063
-4.5952935425442332e-11	-5.0065278588617371e-11	-5.2198522852354818e-11	-5.3284311895652307e-11	-5.3832120230092636e-11	-5.4107262857786726e-11	-5.4245030960273023e-11	-5.4314247026109614e-11	-5.4348640940726521e-11	-5.4365867213674052e-11	-5.4374467247599471e-11	-5.4378831040687025e-11	-5.4380907723836038e-11	-5.4382048009084838e-11	-5.4382623260080984e-11	-5.4382896777117046e-11	-5.4382743983947272e-11	-5.4383085938207238e-11	-5.4383047221131103e-11	-5.4383063039033814e-11	-5.4383115452024729e-11	-5.4383286697690626e-11	-5.4383069695555554e-11	-5.4383119782458338e-11	-5.4383102953879057e-11	-5.4383094431320573e-11	-5.4383083186379172e-11	-5.4383086814121196e-11	-5.4383093118789255e-11	-5.4383094357798279e-11	-5.4383095024699413e-11	-5.4383076850704249e-11	-5.4383086339896897e-11	-5.4383086331682166e-11	-7.9232724973670411e-12	-1.4438754121692987e-10	-5.9180865542868113e-11	-1.3481704194765197e-11	-3.6845706960185688e-11	-1.3149109410577634e-11	-4.8170131399896284e-11	-4.8170129771748413e-11	-1.3149111246022758e-11	-3.6845706972545589e-11	-1.3481703365242009e-11	-5.9180865609433819e-11	-1.4438753482620856e-10	-7.9232619728854778e-12	-2.5374898179467906e-11	-3.8327225421101681e-11	-4.5952935425442332e-11	-5.0065278588617371e-11	-5.2198522852354818e-11	-5.3284311895652307e-11	-5.3832120230092636e-11	-5.4107262857786726e-11	-5.4245030960273023e-11	-5.4314247026109614e-11	-5.4348640940726521e-11	-5.4365867213674052e-11	-5.4374467247599471e-11	-5.4378831040687025e-11	-5.4380907723836038e-11	-5.4382048009084838e-11	-5.4382623260080984e-11	-5.4382896777117046e-11	-5.4382743983947272e-11	-5.4383085938207238e-11	-5.4383047221131103e-11	-5.4383063039033814e-11	-5.4383115452024729e-11	-5.4383286697690626e-11	-5.4383069695555554e-11	-5.4383119782458338e-11	-5.4383102953879057e-11	-5.4383094431320573e-11	-5.4383083186379172e-11	-5.4383086814121196e-11	-5.4383093118789255e-11	-5.4383094357798279e-11	-5.4383095024699413e-11	-5.4383076850704249e-11	-5.4383086339896897e-11	-5.4383086331682166e-11	-7.9232724973670411e-12	-1.4438754121692987e-10	-5.9180865542868113e-11	-1.3481704194765197e-11	-3.6845706960185688e-11	-1.3149109410577634e-11	-4.8170131399896284e-11	-4.8170129771748413e-11	-1.3149111246022758e-11	-3.6845706972545589e-11	-1.3481703365242009e-11	-5.9180865609433819e-11	-1.4438753482620856e-10	-7.9232619728854778e-12	-2.5374898179467906e-11	-3.8327225421101681e-11
0.95782982567732622	0.9562913784978021	0.95552152261259193	0.95513643611256471	0.9549438531625577	0.95484755175496316	0.95479939856706886	0.9547753213519794	0.95476328258913312	0.95475726316888354	0.9547542534490514	0.95475274858670833	0.95475199615493056	0.95475161993888991	0.95475143183083189	0.95475133777679333	0.95475129074977172	0.95475126723625958	0.95475125547950446	0.95475124960112601	0.954751246661937	0.95475124519234311	0.95475124445754511	0.95475124409014678	0.95475124390644772	0.95475124381459819	0.95475124376867238	0.95475124374571041	0.95475124373422904	0.95475124372848896	0.95475124372561826	0.95475124372418374	0.95475124372346543	0.95475124372274811	0.97919571438469866	1.0032402540199765	1.0269155441921141	1.0502497804801503	1.0732681248155402	1.0959929974803484	1.1184452248411947	1.1184452248411947	1.0959929974803484	1.0732681248155398	1.0502497804801503	1.0269155441921141	1.0032402540199765	0.97919571438469866	0.96702555836132864	0.96090169242390344	0.95782982567732622	0.9562913784978021	0.95552152261259193	0.95513643611256471	0.9549438531625577	0.95484755175496316	0.95479939856706886	0.9547753213519794	0.95476328258913312	0.95475726316888354	0.9547542534490514	0.95475274858670833	0.95475199615493056	0.95475161993888991	0.95475143183083189	0.95475133777679333	0.95475129074977172	0.95475126723625958	0.95475125547950446	0.95475124960112601	0.954751246661937	0.95475124519234311	0.95475124445754511	0.95475124409014678	0.95475124390644772	0.95475124381459819	0.95475124376867238	0.95475124374571041	0.95475124373422904	0.95475124372848896	0.95475124372561826	0.95475124372418374	0.95475124372346543	0.95475124372274811	0.97919571438469866	1.0032402540199765	1.0269155441921141	1.0502497804801503	1.0732681248155402	1.0959929974803484	1.1184452248411947	1.1184452248411947	1.0959929974803484	1.0732681248155398	1.0502497804801503	1.0269155441921141	1.0032402540199765	0.97919571438469866	0.96702555836132864	0.96090169242390344
-1.9144031259406353	-1.9113177054241453	-1.9097737442704645	-1.909001449989177	-1.9086152242994685	-1.9084220918019532	-1.9083255206381062	-1.9082772338271692	-1.9082530901144168	-1.9082410181812166	-1.9082349821954092	-1.9082319641977037	-1.908230455197651	-1.9082297006973241	-1.9082293234470857	-1.9082291348219487	-1.9082290405093745	-1.9082289933530863	-1.9082289697749422	-1.9082289579858691	-1.908228952091334	-1.9082289491440658	-1.9082289476704311	-1.9082289469336142	-1.9082289465652063	-1.908228946381002	-1.9082289462888993	-1.9082289462428481	-1.9082289462198225	-1.9082289462083104	-1.9082289462025537	-1.908228946199676	-1.9082289461982367	-1.9082289461967978	-1.9572582419877382	-2.0054979810164593	-2.0530108746687743	-2.099854605508261	-2.1460810111284232	-2.1917372760272578	-2.2368669090523143	-2.2368669090523143	-2.1917372760272578	-2.1460810111284232	-2.099854605508261	-2.0530108746687743	-2.0054979810164593	-1.9572582419877382	-1.9328465283200384	-1.9205640221804798	-1.9144031259406353	-1.9113177054241453	-1.9097737442704645	-1.909001449989177	-1.9086152242994685	-1.9084220918019532	-1.9083255206381062	-1.9082772338271692	-1.9082530901144168	-1.9082410181812166	-1.9082349821954092	-1.9082319641977037	-1.908230455197651	-1.9082297006973241	-1.9082293234470857	-1.9082291348219487	-1.9082290405093745	-1.9082289933530863	-1.9082289697749422	-1.9082289579858691	-1.908228952091334	-1.9082289491440658	-1.9082289476704311	-1.9082289469336142	-1.9082289465652063	-1.908228946381002	-1.9082289462888993	-1.9082289462428481	-1.9082289462198225	-1.9082289462083104	-1.9082289462025537	-1.908228946199676	-1.9082289461982367	-1.9082289461967978	-1.9572582419877382	-2.0054979810164593	-2.0530108746687743	-2.099854605508261	-2.1460810111284232	-2.1917372760272578	-2.2368669090523143	-2.2368669090523143	-2.1917372760272578	-2.1460810111284232	-2.099854605508261	-2.0530108746687743	-2.0054979810164593	-1.9572582419877382	-1.9328465283200384	-1.9205640221804798
0	0	0	0	0	0	0	0	0	0	0	0	0	0	0	0	0	0	0	0	0	0	0	0	0	0	0	0	0	0	0	0	0	0	0	0	0	0	0	0	0	0	0	0	0	0	0	0	0	0	0	0	0	0	0	0	0	0	0	0	0	0	0	0	0	0	0	0	0	0	0	0	0	0	0	0	0	0	0	0	0	0	0	0	0	0	0	0	0	0	0	0	0	0	0	0	0	0	0	0
-1.5700000000000001	-1.5700000000000001	-1.5700000000000001	-1.5700000000000001	-1.5700000000000001	-1.5700000000000001	-1.5700000000000001	-1.5700000000000001	-1.5700000000000001	-1.5700000000000001	-1.5700000000000001	-1.5700000000000001	-1.5700000000000001	-1.5700000000000001	-1.5700000000000001	-1.5700000000000001	-1.5700000000000001	-1.5700000000000001	-1.5700000000000001	-1.5700000000000001	-1.5700000000000001	-1.5700000000000001	-1.5700000000000001	-1.5700000000000001	-1.5700000000000001	-1.5700000000000001	-1.5700000000000001	-1.5700000000000001	-1.5700000000000001	-1.5700000000000001	-1.5700000000000001	-1.5700000000000001	-1.5700000000000001	-1.5700000000000001	-1.5700000000000001	-1.5700000000000001	-1.5700000000000001	-1.5700000000000001	-1.5700000000000001	-1.5700000000000001	-1.5700000000000001	-1.5700000000000001	-1.5700000000000001	-1.5700000000000001	-1.5700000000000001	-1.5700000000000001	-1.5700000000000001	-1.5700000000000001	-1.5700000000000001	-1.5700000000000001	-1.5700000000000001	-1.5700000000000001	-1.5700000000000001	-1.5700000000000001	-1.5700000000000001	-1.5700000000000001	-1.5700000000000001	-1.5700000000000001	-1.5700000000000001	-1.5700000000000001	-1.5700000000000001	-1.5700000000000001	-1.5700000000000001	-1.5700000000000001	-1.5700000000000001	-1.5700000000000001	-1.5700000000000001	-1.5700000000000001	-1.5700000000000001	-1.5700000000000001	-1.5700000000000001	-1.5700000000000001	-1.5700000000000001	-1.5700000000000001	-1.5700000000000001	-1.5700000000000001	-1.5700000000000001	-1.5700000000000001	-1.5700000000000001	-1.5700000000000001	-1.5700000000000001	-1.5700000000000001	-1.5700000000000001	-1.5700000000000001	-1.5700000000000001	-1.5700000000000001	-1.5700000000000001	-1.5700000000000001	-1.5700000000000001	-1.5700000000000001	-1.5700000000000001	-1.5700000000000001	-1.5700000000000001	-1.5700000000000001	-1.5700000000000001	-1.5700000000000001	-1.5700000000000001	-1.5700000000000001	-1.5700000000000001	-1.5700000000000001
1.5700000000000001	1.5700000000000001	1.5700000000000001	1.5700000000000001	1.5700000000000001	1.5700000000000001	1.5700000000000001	1.5700000000000001	1.5700000000000001	1.5700000000000001	1.5700000000000001	1.5700000000000001	1.5700000000000001	1.5700000000000001	1.5700000000000001	1.5700000000000001	1.5700000000000001	1.5700000000000001	1.5700000000000001	1.5700000000000001	1.5700000000000001	1.5700000000000001	1.5700000000000001	1.5700000000000001	1.5700000000000001	1.5700000000000001	1.5700000000000001	1.5700000000000001	1.5700000000000001	1.5700000000000001	1.5700000000000001	1.5700000000000001	1.5700000000000001	1.5700000000000001	1.5700000000000001	1.5700000000000001	1.5700000000000001	1.5700000000000001	1.5700000000000001	1.5700000000000001	1.5700000000000001	1.5700000000000001	1.5700000000000001	1.5700000000000001	1.5700000000000001	1.5700000000000001	1.5700000000000001	1.5700000000000001	1.5700000000000001	1.5700000000000001	1.5700000000000001	1.5700000000000001	1.5700000000000001	1.5700000000000001	1.5700000000000001	1.5700000000000001	1.5700000000000001	1.5700000000000001	1.5700000000000001	1.5700000000000001	1.5700000000000001	1.5700000000000001	1.5700000000000001	1.5700000000000001	1.5700000000000001	1.5700000000000001	1.5700000000000001	1.5700000000000001	1.5700000000000001	1.5700000000000001	1.5700000000000001	1.5700000000000001	1.5700000000000001	1.5700000000000001	1.5700000000000001	1.5700000000000001	1.5700000000000001	1.5700000000000001	1.5700000000000001	1.5700000000000001	1.5700000000000001	1.5700000000000001	1.5700000000000001	1.5700000000000001	1.5700000000000001	1.5700000000000001	1.5700000000000001	1.5700000000000001	1.5700000000000001	1.5700000000000001	1.5700000000000001	1.5700000000000001	1.5700000000000001	1.5700000000000001	1.5700000000000001	1.5700000000000001	1.5700000000000001	1.5700000000000001	1.5700000000000001	1.5700000000000001
1.5700000000000001	1.5700000000000001	1.5700000000000001	1.5700000000000001	1.5700000000000001	1.5700000000000001	1.5700000000000001	1.5700000000000001	1.5700000000000001	1.5700000000000001	1.5700000000000001	1.5700000000000001	1.5700000000000001	1.5700000000000001	1.5700000000000001	1.5700000000000001	1.5700000000000001	1.5700000000000001	1.5700000000000001	1.5700000000000001	1.5700000000000001	1.5700000000000001	1.5700000000000001	1.5700000000000001	1.5700000000000001	1.5700000000000001	1.5700000000000001	1.5700000000000001	1.5700000000000001	1.5700000000000001	1.5700000000000001	1.5700000000000001	1.5700000000000001	1.5700000000000001	1.5700000000000001	1.5700000000000001	1.5700000000000001	1.5700000000000001	1.5700000000000001	1.5700000000000001	1.5700000000000001	1.5700000000000001	1.5700000000000001	1.5700000000000001	1.5700000000000001	1.5700000000000001	1.5700000000000001	1.5700000000000001	1.5700000000000001	1.5700000000000001	1.5700000000000001	1.5700000000000001	1.5700000000000001	1.5700000000000001	1.5700000000000001	1.5700000000000001	1.5700000000000001	1.5700000000000001	1.5700000000000001	1.5700000000000001	1.5700000000000001	1.5700000000000001	1.5700000000000001	1.5700000000000001	1.5700000000000001	1.5700000000000001	1.5700000000000001	1.5700000000000001	1.5700000000000001	1.5700000000000001	1.5700000000000001	1.5700000000000001	1.5700000000000001	1.5700000000000001	1.5700000000000001	1.5700000000000001	1.5700000000000001	1.5700000000000001	1.5700000000000001	1.5700000000000001	1.5700000000000001	1.5700000000000001	1.5700000000000001	1.5700000000000001	1.5700000000000001	1.5700000000000001	1.5700000000000001	1.5700000000000001	1.5700000000000001	1.5700000000000001	1.5700000000000001	1.5700000000000001	1.5700000000000001	1.5700000000000001	1.5700000000000001	1.5700000000000001	1.5700000000000001	1.5700000000000001	1.5700000000000001	1.5700000000000001
5.8691485184850288e-10	3.1228505191575406e-10	1.6095184744819674e-10	8.169065941529911e-11	4.113540809154228e-11	2.063334312547108e-11	1.0342298784540494e-11	5.1813646543646051e-12	2.5879047281389879e-12	1.2912501712864484e-12	6.483834372896991e-13	3.2204757726500352e-13	1.6074494563441983e-13	8.5050727126314557e-14	4.2491559545295349e-14	1.8643884789543836e-14	1.0323947877942212e-14	2.0601103141249034e-15	-2.1360411930180861e-15	3.5954029845979825e-15	4.3589577743321051e-15	3.4040847115928378e-15	-9.8392509341820164e-16	-3.7293363884288429e-15	-1.8138195201248933e-15	-7.7977116933485717e-17	1.5222670987262373e-16	1.3258365186632698e-16	-1.0980971937742008e-15	-1.0113402577419854e-15	3.7283226372291286e-16	3.7218160345307864e-16	-2.636903313899099e-16	-2.3229911319572635e-09	4.5002229780417004e-09	2.562880279079083e-09	-6.545291786931426e-09	-1.1167580203522992e-09	-1.6629601674760792e-11	5.6622143410227537e-10	1.7510511622625481e-09	-1.7510512916417023e-09	-5.6622130410512588e-10	1.6629601674760792e-11	1.11675836976856e-09	6.545291786931426e-09	-2.5628806293721847e-09	-5.9506436924574532e-09	1.5201979687760039e-09	1.0289088774403143e-09	5.8691485184850288e-10	3.1228505191575406e-10	1.6095184744819674e-10	8.169065941529911e-11	4.113540809154228e-11	2.063334312547108e-11	1.0342298784540494e-11	5.1813646543646051e-12	2.5879047281389879e-12	1.2912501712864484e-12	6.483834372896991e-13	3.2204757726500352e-13	1.6074494563441983e-13	8.5050727126314557e-14	4.2491559545295349e-14	1.8643884789543836e-14	1.0323947877942212e-14	2.0601103141249034e-15	-2.1360411930180861e-15	3.5954029845979825e-15	4.3589577743321051e-15	3.4040847115928378e-15	-9.8392509341820164e-16	-3.7293363884288429e-15	-1.8138195201248933e-15	-7.7977116933485717e-17	1.5222670987262373e-16	1.3258365186632698e-16	-1.0980971937742008e-15	-1.0113402577419854e-15	3.7283226372291286e-16	3.7218160345307864e-16	-2.636903313899099e-16	-2.3229911319572635e-09	4.5002229780417004e-09	2.562880279079083e-09	-6.545291786931426e-09	-1.1167580203522992e-09	-1.6629601674760792e-11	5.6622143410227537e-10	1.7510511622625481e-09	-1.7510512916417023e-09	-5.6622130410512588e-10	1.6629601674760792e-11	1.11675836976856e-09	6.545291786931426e-09	-2.5628806293721847e-09	-5.9506436924574532e-09	1.5201979687760039e-09	1.0289088774403143e-09
-0.23051569630505031	-0.11541515323672535	-0.057747119261886137	-0.028883472501722851	-0.014444217880060783	-0.0072227297744142938	-0.003611520149210401	-0.0018057988968034344	-0.00090290915478186129	-0.00045145700408033562	-0.00022572910875484631	-0.00011286470602556165	-5.6432390932448229e-05	-2.8216204961406532e-05	-1.4108104834376078e-05	-7.054053013932915e-06	-3.5270266818265839e-06	-1.7635133686688675e-06	-8.817566676810884e-07	-4.4087833939165932e-07	-2.2043917247138722e-07	-1.1021960566459654e-07	-5.5109794505625587e-08	-2.7554863946122055e-08	-1.3777451401963958e-08	-6.8887562321151563e-09	-3.4443670138273319e-09	-1.7222001602590353e-09	-8.6107232455390204e-10	-4.3051673337402008e-10	-2.1527224447481785e-10	-1.0766942892814768e-10	-7.1781469657139496e-11	1.2222235330616837	2.4244505148614204	2.3859914903707589	2.35047632300871	2.3176290311713199	2.2871608500098728	2.2588550012827002	1.1226113680423144	-1.1226113680423144	-2.2588550012827113	-2.2871608500098728	-2.3176290311712977	-2.35047632300871	-2.3859914903707704	-1.8107347829323772	-0.91470109803976629	-0.45978663420012111	-0.23051569630505031	-0.11541515323672535	-0.057747119261886137	-0.028883472501722851	-0.014444217880060783	-0.0072227297744142938	-0.003611520149210401	-0.0018057988968034344	-0.00090290915478186129	-0.00045145700408033562	-0.00022572910875484631	-0.00011286470602556165	-5.6432390932448229e-05	-2.8216204961406532e-05	-1.4108104834376078e-05	-7.054053013932915e-06	-3.5270266818265839e-06	-1.7635133686688675e-06	-8.817566676810884e-07	-4.4087833939165932e-07	-2.2043917247138722e-07	-1.1021960566459654e-07	-5.5109794505625587e-08	-2.7554863946122055e-08	-1.3777451401963958e-08	-6.8887562321151563e-09	-3.4443670138273319e-09	-1.7222001602590353e-09	-8.6107232455390204e-10	-4.3051673337402008e-10	-2.1527224447481785e-10	-1.0766942892814768e-10	-7.1781469657139496e-11	1.2222235330616837	2.4244505148614204	2.3859914903707589	2.35047632300871	2.3176290311713199	2.2871608500098728	2.2588550012827002	1.1226113680423144	-1.1226113680423144	-2.2588550012827113	-2.2871608500098728	-2.3176290311712977	-2.35047632300871	-2.3859914903707704	-1.8107347829323772	-0.91470109803976629	-0.45978663420012111
0.46231583781672914	0.23146908350856199	0.11581277174840254	0.057925998549801516	0.028967909361177213	0.014485183068102536	0.0072428987392236799	0.0036215261844940727	0.001810782297639868	0.00090539595036798204	0.00045269917562373863	0.00022634988789960175	0.00011317501898977511	5.6587528252105557e-05	2.8293768783438367e-05	1.4146885585208935e-05	7.0734430979157992e-06	3.5367216155712811e-06	1.7683608466434464e-06	8.8418041777060807e-07	4.4209019778307379e-07	2.2104512664711251e-07	1.1052255777244113e-07	5.5261228926184458e-08	2.7630631116437598e-08	1.3815348864909538e-08	6.9076855346850152e-09	3.4538483184576307e-09	1.726863096962461e-09	8.6344265071147674e-10	4.3174352981623088e-10	2.1588286713836169e-10	1.4391821068215904e-10	-2.4514647894750885	-4.8634517409830824	-4.7876316340518148	-4.7178312245901077	-4.653506822982445	-4.5941335259498173	-4.5392948961945567	-2.2564816512528285	2.2564816512528285	4.5392948961945567	4.5941335259498173	4.6535068229824228	4.7178312245901077	4.7876316340518361	3.6325726348210186	1.8347109903629089	0.92217011897015588	0.46231583781672914	0.23146908350856199	0.11581277174840254	0.057925998549801516	0.028967909361177213	0.014485183068102536	0.0072428987392236799	0.0036215261844940727	0.001810782297639868	0.00090539595036798204	0.00045269917562373863	0.00022634988789960175	0.00011317501898977511	5.6587528252105557e-05	2.8293768783438367e-05	1.4146885585208935e-05	7.0734430979157992e-06	3.5367216155712811e-06	1.7683608466434464e-06	8.8418041777060807e-07	4.4209019778307379e-07	2.2104512664711251e-07	1.1052255777244113e-07	5.5261228926184458e-08	2.7630631116437598e-08	1.3815348864909538e-08	6.9076855346850152e-09	3.4538483184576307e-09	1.726863096962461e-09	8.6344265071147674e-10	4.3174352981623088e-10	2.1588286713836169e-10	1.4391821068215904e-10	-2.4514647894750885	-4.8634517409830824	-4.7876316340518148	-4.7178312245901077	-4.653506822982445	-4.5941335259498173	-4.5392948961945567	-2.2564816512528285	2.2564816512528285	4.5392948961945567	4.5941335259498173	4.6535068229824228	4.7178312245901077	4.7876316340518361	3.6325726348210186	1.8347109903629089	0.92217011897015588
9.2894976000925362e-16	1.7464880522388425e-16	-5.5015240737600648e-16	1.8402204369405951e-16	-6.7294823784914662e-17	-2.2026918085419444e-16	1.0088454810145255e-15	1.8573112291668595e-16	2.3229902550080473e-09	-4.5002225815697315e-09	-2.5628795114604377e-09	6.5452918234469006e-09	1.1167577356954396e-09	1.6629347912127036e-11	-5.662212480355841e-10	-1.7510508957231999e-09	1.7510509947709645e-09	5.6622124661133129e-10	-1.6629550457040072e-11	-1.1167580831380843e-09	-6.545291949014179e-09	2.562879930676027e-09	5.9506319705102336e-09	-1.5201977083490862e-09	-1.0289010669783763e-09	-5.8690220874679059e-10	-3.1227981182595929e-10	-1.6095240216755099e-10	-8.1680155599106278e-11	-4.1147602144982796e-11	-2.0645329459549559e-11	-1.0348284896287455e-11	-5.1805180848039299e-12	-2.576203601758455e-12	-1.2914223359028567e-12	-6.5412847651155472e-13	-3.228896446883997e-13	-1.601146858305198e-13	-8.4738352376869318e-14	-4.3002041445828109e-14	-6.410139625002203e-15	-9.6659674319181816e-15	-1.9511119307154029e-14	1.0557781373276204e-15	6.1027731232937276e-16	-1.0954113093739197e-14	-2.2990831239637181e-15	8.4686023194239927e-15	3.5249800532496067e-15	1.6384621519882961e-15	9.2894976000925362e-16	1.7464880522388425e-16	-5.5015240737600648e-16	1.8402204369405951e-16	-6.7294823784914662e-17	-2.2026918085419444e-16	1.0088454810145255e-15	1.8573112291668595e-16	2.3229902550080473e-09	-4.5002225815697315e-09	-2.5628795114604377e-09	6.5452918234469006e-09	1.1167577356954396e-09	1.6629347912127036e-11	-5.662212480355841e-10	-1.7510508957231999e-09	1.7510509947709645e-09	5.6622124661133129e-10	-1.6629550457040072e-11	-1.1167580831380843e-09	-6.545291949014179e-09	2.562879930676027e-09	5.9506319705102336e-09	-1.5201977083490862e-09	-1.0289010669783763e-09	-5.8690220874679059e-10	-3.1227981182595929e-10	-1.6095240216755099e-10	-8.1680155599106278e-11	-4.1147602144982796e-11	-2.0645329459549559e-11	-1.0348284896287455e-11	-5.1805180848039299e-12	-2.576203601758455e-12	-1.2914223359028567e-12	-6.5412847651155472e-13	-3.228896446883997e-13	-1.601146858305198e-13	-8.4738352376869318e-14	-4.3002041445828109e-14	-6.410139625002203e-15	-9.6659674319181816e-15	-1.9511119307154029e-14	1.0557781373276204e-15	6.1027731232937276e-16	-1.0954113093739197e-14	-2.2990831239637181e-15	8.4686023194239927e-15	3.5249800532496067e-15	1.6384621519882961e-15
-6.8887451298849101e-09	-3.4443503604819625e-09	-1.7222001602590353e-09	-8.6110563124464079e-10	-4.3050563114377383e-10	-2.1525559112944848e-10	-1.076527755827783e-10	-7.1781469657139496e-11	1.2222235330616671	2.4244505148614315	2.3859914903707589	2.3504763230086989	2.3176290311713199	2.2871608500098839	2.2588550012827113	1.1226113680423144	-1.1226113680423144	-2.2588550012827224	-2.2871608500098839	-2.3176290311712866	-2.3504763230086989	-2.3859914903707811	-1.8107347829323828	-0.91470109803976629	-0.45978663420014887	-0.23051569630503921	-0.1154151532367087	-0.057747119261902791	-0.028883472501728402	-0.014444217880071886	-0.0072227297743976404	-0.0036115201491937476	-0.0018057988968034344	-0.0009029091547874124	-0.00045145700408588674	-0.00022572910873819296	-0.00011286470603111276	-5.6432390937999344e-05	-2.8216204950304302e-05	-1.4108104845478309e-05	-7.054053013932915e-06	-3.5270266596221234e-06	-1.7635133742199827e-06	-8.8175668988554889e-07	-4.4087834494277445e-07	-2.2043913916469648e-07	-1.1021960011348142e-07	-5.5109833363431449e-08	-2.7554886150582547e-08	-1.3777440299733712e-08	-6.8887451298849101e-09	-3.4443503604819625e-09	-1.7222001602590353e-09	-8.6110563124464079e-10	-4.3050563114377383e-10	-2.1525559112944848e-10	-1.076527755827783e-10	-7.1781469657139496e-11	1.2222235330616671	2.4244505148614315	2.3859914903707589	2.3504763230086989	2.3176290311713199	2.2871608500098839	2.2588550012827113	1.1226113680423144	-1.1226113680423144	-2.2588550012827224	-2.2871608500098839	-2.3176290311712866	-2.3504763230086989	-2.3859914903707811	-1.8107347829323828	-0.91470109803976629	-0.45978663420014887	-0.23051569630503921	-0.1154151532367087	-0.057747119261902791	-0.028883472501728402	-0.014444217880071886	-0.0072227297743976404	-0.0036115201491937476	-0.0018057988968034344	-0.0009029091547874124	-0.00045145700408588674	-0.00022572910873819296	-0.00011286470603111276	-5.6432390937999344e-05	-2.8216204950304302e-05	-1.4108104845478309e-05	-7.054053013932915e-06	-3.5270266596221234e-06	-1.7635133742199827e-06	-8.8175668988554889e-07	-4.4087834494277445e-07	-2.2043913916469648e-07	-1.1021960011348142e-07	-5.5109833363431449e-08	-2.7554886150582547e-08	-1.3777440299733712e-08
1.3815315558218799e-08	6.907674432454769e-09	3.453859420687877e-09	1.726907505883446e-09	8.6340934402073799e-10	4.3173242758598462e-10	2.1588286713836169e-10	1.4390710845191279e-10	-2.4514647894750774	-4.8634517409830824	-4.7876316340518148	-4.7178312245901077	-4.653506822982445	-4.5941335259498173	-4.5392948961945567	-2.2564816512528285	2.2564816512528285	4.5392948961945567	4.5941335259498173	4.6535068229824228	4.7178312245901077	4.7876316340518361	3.6325726348210075	1.8347109903629311	0.92217011897020029	0.46231583781669583	0.23146908350852868	0.11581277174842475	0.057925998549834823	0.028967909361188315	0.01448518306806923	0.0072428987391903732	0.0036215261844829705	0.0018107822976509702	0.00090539595036798204	0.00045269917559043193	0.00022634988792180621	0.00011317501900087734	5.6587528263207787e-05	2.8293768827847288e-05	1.4146885563004474e-05	7.0734430757113387e-06	3.5367216155712811e-06	1.7683608577456766e-06	8.8418041777060807e-07	4.4209016447638305e-07	2.2104512664711251e-07	1.1052257997690162e-07	5.5261273335105443e-08	2.7630620014207352e-08	1.3815315558218799e-08	6.907674432454769e-09	3.453859420687877e-09	1.726907505883446e-09	8.6340934402073799e-10	4.3173242758598462e-10	2.1588286713836169e-10	1.4390710845191279e-10	-2.4514647894750774	-4.8634517409830824	-4.7876316340518148	-4.7178312245901077	-4.653506822982445	-4.5941335259498173	-4.5392948961945567	-2.2564816512528285	2.2564816512528285	4.5392948961945567	4.5941335259498173	4.6535068229824228	4.7178312245901077	4.7876316340518361	3.6325726348210075	1.8347109903629311	0.92217011897020029	0.46231583781669583	0.23146908350852868	0.11581277174842475	0.057925998549834823	0.028967909361188315	0.01448518306806923	0.0072428987391903732	0.0036215261844829705	0.0018107822976509702	0.00090539595036798204	0.00045269917559043193	0.00022634988792180621	0.00011317501900087734	5.6587528263207787e-05	2.8293768827847288e-05	1.4146885563004474e-05	7.0734430757113387e-06	3.5367216155712811e-06	1.7683608577456766e-06	8.8418041777060807e-07	4.4209016447638305e-07	2.2104512664711251e-07	1.1052257997690162e-07	5.5261273335105443e-08	2.7630620014207352e-08
-8.4214381352574441e-16	-7.3895294939169296e-16	8.0087213317077863e-17	-3.4397462048792852e-16	1.706090619073284e-16	-5.8946739199197808e-16	-4.081679305660756e-16	5.5465164952283554e-16	-2.3229911381520812e-09	4.5002234021067188e-09	2.5628805530267228e-09	-6.5452921412977925e-09	-1.1167580738378232e-09	-1.6629552154063137e-11	5.6622127436317808e-10	1.7510509048157346e-09	-1.7510511388982113e-09	-5.6622119576373377e-10	1.6629524192959609e-11	1.1167578293276614e-09	6.5452922032112274e-09	-2.5628797835094912e-09	-5.9506448989145628e-09	1.5201981387618266e-09	1.0289136059768442e-09	5.8691373183085744e-10	3.1228085965298841e-10	1.60952812886672e-10	8.1686240339154551e-11	4.1135680437450241e-11	2.0638450113261256e-11	1.0336551217123814e-11	5.180846778627449e-12	2.5925639827504871e-12	1.2960622906949449e-12	6.4915120826037443e-13	3.1702579151810364e-13	1.6009302685064265e-13	8.5858603990348557e-14	4.2831517211292598e-14	1.8323184632669373e-14	9.7109982345668946e-15	2.3595330695387871e-15	-1.2514851825087877e-15	3.658052072549585e-15	-7.3514944885808225e-16	-2.0691431677730131e-15	3.0833797984298529e-15	1.4734503731319303e-15	-7.0839412650893206e-16	-8.4214381352574441e-16	-7.3895294939169296e-16	8.0087213317077863e-17	-3.4397462048792852e-16	1.706090619073284e-16	-5.8946739199197808e-16	-4.081679305660756e-16	5.5465164952283554e-16	-2.3229911381520812e-09	4.5002234021067188e-09	2.5628805530267228e-09	-6.5452921412977925e-09	-1.1167580738378232e-09	-1.6629552154063137e-11	5.6622127436317808e-10	1.7510509048157346e-09	-1.7510511388982113e-09	-5.6622119576373377e-10	1.6629524192959609e-11	1.1167578293276614e-09	6.5452922032112274e-09	-2.5628797835094912e-09	-5.9506448989145628e-09	1.5201981387618266e-09	1.0289136059768442e-09	5.8691373183085744e-10	3.1228085965298841e-10	1.60952812886672e-10	8.1686240339154551e-11	4.1135680437450241e-11	2.0638450113261256e-11	1.0336551217123814e-11	5.180846778627449e-12	2.5925639827504871e-12	1.2960622906949449e-12	6.4915120826037443e-13	3.1702579151810364e-13	1.6009302685064265e-13	8.5858603990348557e-14	4.2831517211292598e-14	1.8323184632669373e-14	9.7109982345668946e-15	2.3595330695387871e-15	-1.2514851825087877e-15	3.658052072549585e-15	-7.3514944885808225e-16	-2.0691431677730131e-15	3.0833797984298529e-15	1.4734503731319303e-15	-7.0839412650893206e-16
-6.8887395787697869e-09	-3.444372564942455e-09	-1.7221779557985428e-09	-8.6106122232365578e-10	-4.3054448894963571e-10	-2.1526669335969473e-10	-1.076305711222858e-10	-7.1787020772262622e-11	1.2222235330616449	2.4244505148614204	2.3859914903707704	2.3504763230087211	2.3176290311713088	2.2871608500098728	2.2588550012827113	1.1226113680423033	-1.1226113680423033	-2.2588550012827224	-2.2871608500098728	-2.3176290311712977	-2.3504763230087211	-2.3859914903707704	-1.8107347829323828	-0.91470109803976629	-0.45978663420010446	-0.23051569630505586	-0.11541515323674756	-0.057747119261863933	-0.028883472501700647	-0.014444217880077437	-0.0072227297744476004	-0.0036115201491937476	-0.0018057988967645766	-0.00090290915480406575	-0.00045145700409143785	-0.00022572910872709073	-0.00011286470605331722	-5.6432390932448229e-05	-2.8216204933650957e-05	-1.4108104839927194e-05	-7.0540530083817998e-06	-3.5270266818265839e-06	-1.7635133853222129e-06	-8.8175667323220353e-07	-4.4087834494277445e-07	-2.2043917247138722e-07	-1.1021960011348142e-07	-5.5109811158970956e-08	-2.7554880599467424e-08	-1.3777440299733712e-08	-6.8887395787697869e-09	-3.444372564942455e-09	-1.7221779557985428e-09	-8.6106122232365578e-10	-4.3054448894963571e-10	-2.1526669335969473e-10	-1.076305711222858e-10	-7.1787020772262622e-11	1.2222235330616449	2.4244505148614204	2.3859914903707704	2.3504763230087211	2.3176290311713088	2.2871608500098728	2.2588550012827113	1.1226113680423033	-1.1226113680423033	-2.2588550012827224	-2.2871608500098728	-2.3176290311712977	-2.3504763230087211	-2.3859914903707704	-1.8107347829323828	-0.91470109803976629	-0.45978663420010446	-0.23051569630505586	-0.11541515323674756	-0.057747119261863933	-0.028883472501700647	-0.014444217880077437	-0.0072227297744476004	-0.0036115201491937476	-0.0018057988967645766	-0.00090290915480406575	-0.00045145700409143785	-0.00022572910872709073	-0.00011286470605331722	-5.6432390932448229e-05	-2.8216204933650957e-05	-1.4108104839927194e-05	-7.0540530083817998e-06	-3.5270266818265839e-06	-1.7635133853222129e-06	-8.8175667323220353e-07	-4.4087834494277445e-07	-2.2043917247138722e-07	-1.1021960011348142e-07	-5.5109811158970956e-08	-2.7554880599467424e-08	-1.3777440299733712e-08
1.3815337762679292e-08	6.9076855346850152e-09	3.4538483184576307e-09	1.726863096962461e-09	8.6344265071147674e-10	4.3175463204647713e-10	2.1584956044762293e-10	1.4390710845191279e-10	-2.4514647894750663	-4.8634517409830824	-4.7876316340518361	-4.7178312245901077	-4.6535068229824228	-4.5941335259498173	-4.5392948961945567	-2.2564816512528285	2.2564816512528285	4.5392948961945567	4.5941335259498173	4.653506822982445	4.7178312245901077	4.7876316340518148	3.6325726348210297	1.8347109903629311	0.92217011897013368	0.46231583781670693	0.23146908350857309	0.11581277174840254	0.057925998549801516	0.028967909361199418	0.014485183068113638	0.0072428987392125777	0.003621526184460766	0.0018107822976176635	0.00090539595037908427	0.00045269917562373863	0.00022634988792180621	0.00011317501898977511	5.6587528252105557e-05	2.8293768783438367e-05	1.4146885563004474e-05	7.0734431201202597e-06	3.5367216266735113e-06	1.7683608244389859e-06	8.8418039556614758e-07	4.4209021998753428e-07	2.2104515995380325e-07	1.1052255777244113e-07	5.5261240028414704e-08	2.7630620014207352e-08	1.3815337762679292e-08	6.9076855346850152e-09	3.4538483184576307e-09	1.726863096962461e-09	8.6344265071147674e-10	4.3175463204647713e-10	2.1584956044762293e-10	1.4390710845191279e-10	-2.4514647894750663	-4.8634517409830824	-4.7876316340518361	-4.7178312245901077	-4.6535068229824228	-4.5941335259498173	-4.5392948961945567	-2.2564816512528285	2.2564816512528285	4.5392948961945567	4.5941335259498173	4.653506822982445	4.7178312245901077	4.7876316340518148	3.6325726348210297	1.8347109903629311	0.92217011897013368	0.46231583781670693	0.23146908350857309	0.11581277174840254	0.057925998549801516	0.028967909361199418	0.014485183068113638	0.0072428987392125777	0.003621526184460766	0.0018107822976176635	0.00090539595037908427	0.00045269917562373863	0.00022634988792180621	0.00011317501898977511	5.6587528252105557e-05	2.8293768783438367e-05	1.4146885563004474e-05	7.0734431201202597e-06	3.5367216266735113e-06	1.7683608244389859e-06	8.8418039556614758e-07	4.4209021998753428e-07	2.2104515995380325e-07	1.1052255777244113e-07	5.5261240028414704e-08	2.7630620014207352e-08
-5.8690265837578451e-10	-3.122793713456243e-10	-1.6095166535174679e-10	-8.1679868886890875e-11	-4.1147548106720944e-11	-2.0645536509019377e-11	-1.0349208416144411e-11	-5.1804990226748678e-12	-2.5810093782219373e-12	-1.2913153436474996e-12	-6.4819135064862295e-13	-3.2202381182833748e-13	-1.6084841989063174e-13	-8.5776812247302222e-14	-4.2438401610410242e-14	-6.0361933144303038e-15	-9.4580545096181818e-15	-1.5161859191528342e-14	1.1449586711955856e-15	-3.4115446813061779e-15	-1.1182932840585352e-14	2.287823458747585e-15	8.3457616144026215e-15	-1.6629161751552625e-15	1.2675568882203868e-15	9.8837499424149191e-16	3.8085996884967873e-16	-4.9662050413596349e-16	-3.771838541304012e-16	-9.5295507905294064e-17	8.753547015294422e-16	4.3424012580634888e-16	-4.74048895888984e-16	2.3229906921264928e-09	-4.5002227442623854e-09	-2.5628796522750536e-09	6.5452918511082339e-09	1.1167579291341213e-09	1.6629739209378137e-11	-5.662212219855298e-10	-1.7510510180585389e-09	1.7510510076936763e-09	5.6622113996014121e-10	-1.6629605960962572e-11	-1.1167579318444114e-09	-6.5452915730483277e-09	2.562880181827417e-09	5.9506318323370328e-09	-1.5201981724108101e-09	-1.0289018622987213e-09	-5.8690265837578451e-10	-3.122793713456243e-10	-1.6095166535174679e-10	-8.1679868886890875e-11	-4.1147548106720944e-11	-2.0645536509019377e-11	-1.0349208416144411e-11	-5.1804990226748678e-12	-2.5810093782219373e-12	-1.2913153436474996e-12	-6.4819135064862295e-13	-3.2202381182833748e-13	-1.6084841989063174e-13	-8.5776812247302222e-14	-4.2438401610410242e-14	-6.0361933144303038e-15	-9.4580545096181818e-15	-1.5161859191528342e-14	1.1449586711955856e-15	-3.4115446813061779e-15	-1.1182932840585352e-14	2.287823458747585e-15	8.3457616144026215e-15	-1.6629161751552625e-15	1.2675568882203868e-15	9.8837499424149191e-16	3.8085996884967873e-16	-4.9662050413596349e-16	-3.771838541304012e-16	-9.5295507905294064e-17	8.753547015294422e-16	4.3424012580634888e-16	-4.74048895888984e-16	2.3229906921264928e-09	-4.5002227442623854e-09	-2.5628796522750536e-09	6.5452918511082339e-09	1.1167579291341213e-09	1.6629739209378137e-11	-5.662212219855298e-10	-1.7510510180585389e-09	1.7510510076936763e-09	5.6622113996014121e-10	-1.6629605960962572e-11	-1.1167579318444114e-09	-6.5452915730483277e-09	2.562880181827417e-09	5.9506318323370328e-09	-1.5201981724108101e-09	-1.0289018622987213e-09
-0.23051569630506696	-0.11541515323671425	-0.057747119261869484	-0.028883472501711749	-0.014444217880077437	-0.0072227297744420493	-0.0036115201491881965	-0.0018057988967867811	-0.00090290915479296352	-0.00045145700408588674	-0.00022572910876039742	-0.00011286470604221499	-5.6432390921345998e-05	-2.8216204933650957e-05	-1.4108104828824963e-05	-7.0540530083817998e-06	-3.527026687377699e-06	-1.7635133631177524e-06	-8.8175667878331865e-07	-4.4087837269835006e-07	-2.2043914471581161e-07	-1.102195945623663e-07	-5.5109816710086079e-08	-2.7554869497237178e-08	-1.3777429197503466e-08	-6.8887673343454026e-09	-3.4443892182878244e-09	-1.7221668535682966e-09	-8.6107232455390204e-10	-4.3053893783451258e-10	-2.152611422445716e-10	-1.0764167335253205e-10	-7.1781469657139496e-11	1.2222235330616615	2.4244505148614204	2.3859914903707704	2.3504763230086878	2.3176290311713088	2.2871608500099061	2.2588550012827224	1.1226113680423144	-1.1226113680423144	-2.2588550012827446	-2.2871608500099061	-2.3176290311712866	-2.3504763230086878	-2.3859914903707704	-1.8107347829323939	-0.91470109803976074	-0.45978663420012111	-0.23051569630506696	-0.11541515323671425	-0.057747119261869484	-0.028883472501711749	-0.014444217880077437	-0.0072227297744420493	-0.0036115201491881965	-0.0018057988967867811	-0.00090290915479296352	-0.00045145700408588674	-0.00022572910876039742	-0.00011286470604221499	-5.6432390921345998e-05	-2.8216204933650957e-05	-1.4108104828824963e-05	-7.0540530083817998e-06	-3.527026687377699e-06	-1.7635133631177524e-06	-8.8175667878331865e-07	-4.4087837269835006e-07	-2.2043914471581161e-07	-1.102195945623663e-07	-5.5109816710086079e-08	-2.7554869497237178e-08	-1.3777429197503466e-08	-6.8887673343454026e-09	-3.4443892182878244e-09	-1.7221668535682966e-09	-8.6107232455390204e-10	-4.3053893783451258e-10	-2.152611422445716e-10	-1.0764167335253205e-10	-7.1781469657139496e-11	1.2222235330616615	2.4244505148614204	2.3859914903707704	2.3504763230086878	2.3176290311713088	2.2871608500099061	2.2588550012827224	1.1226113680423144	-1.1226113680423144	-2.2588550012827446	-2.2871608500099061	-2.3176290311712866	-2.3504763230086878	-2.3859914903707704	-1.8107347829323939	-0.91470109803976074	-0.45978663420012111
0.46231583781672914	0.23146908350853979	0.11581277174841365	0.057925998549801516	0.028967909361188315	0.014485183068113638	0.0072428987392014754	0.0036215261844718682	0.0018107822976287657	0.00090539595037908427	0.00045269917564594309	0.00022634988791070398	0.00011317501897867288	5.6587528263207787e-05	2.8293768772336136e-05	1.4146885563004474e-05	7.0734431201202597e-06	3.5367216155712811e-06	1.7683608577456766e-06	8.8418040666837783e-07	4.4209016447638305e-07	2.21045148851573e-07	1.1052257997690162e-07	5.5261240028414704e-08	2.7630608911977106e-08	1.3815348864909538e-08	6.9076966369152615e-09	3.4538372162273845e-09	1.7268853014229535e-09	8.6344265071147674e-10	4.3172132535573837e-10	2.1584956044762293e-10	1.4390710845191279e-10	-2.4514647894750774	-4.8634517409830718	-4.7876316340518033	-4.7178312245900855	-4.653506822982445	-4.5941335259498395	-4.5392948961945567	-2.2564816512528285	2.2564816512528285	4.5392948961945567	4.5941335259498395	4.653506822982445	4.7178312245900855	4.7876316340518033	3.6325726348210408	1.83471099036292	0.92217011897015588	0.46231583781672914	0.23146908350853979	0.11581277174841365	0.057925998549801516	0.028967909361188315	0.014485183068113638	0.0072428987392014754	0.0036215261844718682	0.0018107822976287657	0.00090539595037908427	0.00045269917564594309	0.00022634988791070398	0.00011317501897867288	5.6587528263207787e-05	2.8293768772336136e-05	1.4146885563004474e-05	7.0734431201202597e-06	3.5367216155712811e-06	1.7683608577456766e-06	8.8418040666837783e-07	4.4209016447638305e-07	2.21045148851573e-07	1.1052257997690162e-07	5.5261240028414704e-08	2.7630608911977106e-08	1.3815348864909538e-08	6.9076966369152615e-09	3.4538372162273845e-09	1.7268853014229535e-09	8.6344265071147674e-10	4.3172132535573837e-10	2.1584956044762293e-10	1.4390710845191279e-10	-2.4514647894750774	-4.8634517409830718	-4.7876316340518033	-4.7178312245900855	-4.653506822982445	-4.5941335259498395	-4.5392948961945567	-2.2564816512528285	2.2564816512528285	4.5392948961945567	4.5941335259498395	4.653506822982445	4.7178312245900855	4.7876316340518033	3.6325726348210408	1.83471099036292	0.92217011897015588
0	0	0	0	0	0	0	0	0	0	0	0	0	0	0	0	0	0	0	0	0	0	0	0	0	0	0	0	0	0	0	0	0	0	0	0	0	0	0	0	0	0	0	0	0	0	0	0	0	0	0	0	0	0	0	0	0	0	0	0	0	0	0	0	0	0	0	0	0	0	0	0	0	0	0	0	0	0	0	0	0	0	0	0	0	0	0	0	0	0	0	0	0	0	0	0	0	0	0	0
0	0	0	0	0	0	0	0	0	0	0	0	0	0	0	0	0	0	0	0	0	0	0	0	0	0	0	0	0	0	0	0	0	0	0	0	0	0	0	0	0	0	0	0	0	0	0	0	0	0	0	0	0	0	0	0	0	0	0	0	0	0	0	0	0	0	0	0	0	0	0	0	0	0	0	0	0	0	0	0	0	0	0	0	0	0	0	0	0	0	0	0	0	0	0	0	0	0	0	0
0	0	0	0	0	0	0	0	0	0	0	0	0	0	0	0	0	0	0	0	0	0	0	0	0	0	0	0	0	0	0	0	0	0	0	0	0	0	0	0	0	0	0	0	0	0	0	0	0	0	0	0	0	0	0	0	0	0	0	0	0	0	0	0	0	0	0	0	0	0	0	0	0	0	0	0	0	0	0	0	0	0	0	0	0	0	0	0	0	0	0	0	0	0	0	0	0	0	0	0
0	0	0	0	0	0	0	0	0	0	0	0	0	0	0	0	0	0	0	0	0	0	0	0	0	0	0	0	0	0	0	0	0	0	0	0	0	0	0	0	0	0	0	0	0	0	0	0	0	0	0	0	0	0	0	0	0	0	0	0	0	0	0	0	0	0	0	0	0	0	0	0	0	0	0	0	0	0	0	0	0	0	0	0	0	0	0	0	0	0	0	0	0	0	0	0	0	0	0	0
